category,symbol,in_140_list,in_112_db,currently_active_in_112,stock_name_in_112,note
NEW_FROM_140,ADITYAINFO,YES,NO,-,-,Add this symbol to universe_112co (is_active=TRUE)
NEW_FROM_140,ADVAITENERGY,YES,NO,-,-,Add this symbol to universe_112co (is_active=TRUE)
NEW_FROM_140,AEROFLEC,YES,NO,-,-,Add this symbol to universe_112co (is_active=TRUE)
NEW_FROM_140,ARISINFRA,YES,NO,-,-,Add this symbol to universe_112co (is_active=TRUE)
NEW_FROM_140,ASHOKABUILD,YES,NO,-,-,Add this symbol to universe_112co (is_active=TRUE)
NEW_FROM_140,ATLANTAELECT,YES,NO,-,-,Add this symbol to universe_112co (is_active=TRUE)
NEW_FROM_140,AUTOCORP,YES,NO,-,-,Add this symbol to universe_112co (is_active=TRUE)
NEW_FROM_140,B&B,YES,NO,-,-,Add this symbol to universe_112co (is_active=TRUE)
NEW_FROM_140,BAJAJCONSUM,YES,NO,-,-,Add this symbol to universe_112co (is_active=TRUE)
NEW_FROM_140,BHARATSEAT,YES,NO,-,-,Add this symbol to universe_112co (is_active=TRUE)
NEW_FROM_140,BILLIONBRAINS,YES,NO,-,-,Add this symbol to universe_112co (is_active=TRUE)
NEW_FROM_140,BLUECLOUD,YES,NO,-,-,Add this symbol to universe_112co (is_active=TRUE)
NEW_FROM_140,CAPRICAP,YES,NO,-,-,Add this symbol to universe_112co (is_active=TRUE)
NEW_FROM_140,CARRAROIND,YES,NO,-,-,Add this symbol to universe_112co (is_active=TRUE)
NEW_FROM_140,CEINSYS,YES,NO,-,-,Add this symbol to universe_112co (is_active=TRUE)
NEW_FROM_140,CIGNITI,YES,NO,-,-,Add this symbol to universe_112co (is_active=TRUE)
NEW_FROM_140,ENGINEERSIND,YES,NO,-,-,Add this symbol to universe_112co (is_active=TRUE)
NEW_FROM_140,EXLEOSOLU,YES,NO,-,-,Add this symbol to universe_112co (is_active=TRUE)
NEW_FROM_140,FINKURVE,YES,NO,-,-,Add this symbol to universe_112co (is_active=TRUE)
NEW_FROM_140,FREDUNPHARMA,YES,NO,-,-,Add this symbol to universe_112co (is_active=TRUE)
NEW_FROM_140,FRONTSP,YES,NO,-,-,Add this symbol to universe_112co (is_active=TRUE)
NEW_FROM_140,GALAPRECI,YES,NO,-,-,Add this symbol to universe_112co (is_active=TRUE)
NEW_FROM_140,GNGE,YES,NO,-,-,Add this symbol to universe_112co (is_active=TRUE)
NEW_FROM_140,GRMOVERSEAS,YES,NO,-,-,Add this symbol to universe_112co (is_active=TRUE)
NEW_FROM_140,GVTD,YES,NO,-,-,Add this symbol to universe_112co (is_active=TRUE)
NEW_FROM_140,HBL,YES,NO,-,-,Add this symbol to universe_112co (is_active=TRUE)
NEW_FROM_140,HERITAGEFOOD,YES,NO,-,-,Add this symbol to universe_112co (is_active=TRUE)
NEW_FROM_140,HPLELEC,YES,NO,-,-,Add this symbol to universe_112co (is_active=TRUE)
NEW_FROM_140,HYPERFAB,YES,NO,-,-,Add this symbol to universe_112co (is_active=TRUE)
NEW_FROM_140,IFB,YES,NO,-,-,Add this symbol to universe_112co (is_active=TRUE)
NEW_FROM_140,INFOSYS,YES,NO,-,-,Add this symbol to universe_112co (is_active=TRUE)
NEW_FROM_140,JAYSWALNECO,YES,NO,-,-,Add this symbol to universe_112co (is_active=TRUE)
NEW_FROM_140,JEENASIKHO,YES,NO,-,-,Add this symbol to universe_112co (is_active=TRUE)
NEW_FROM_140,JMFINANC,YES,NO,-,-,Add this symbol to universe_112co (is_active=TRUE)
NEW_FROM_140,JYOTIRESIN,YES,NO,-,-,Add this symbol to universe_112co (is_active=TRUE)
NEW_FROM_140,KILBURN,YES,NO,-,-,Add this symbol to universe_112co (is_active=TRUE)
NEW_FROM_140,KNOWLEDGEM,YES,NO,-,-,Add this symbol to universe_112co (is_active=TRUE)
NEW_FROM_140,KPENERGY,YES,NO,-,-,Add this symbol to universe_112co (is_active=TRUE)
NEW_FROM_140,KRISHANAPHOS,YES,NO,-,-,Add this symbol to universe_112co (is_active=TRUE)
NEW_FROM_140,KWALITYWALLS,YES,NO,-,-,Add this symbol to universe_112co (is_active=TRUE)
NEW_FROM_140,LUMAXIND,YES,NO,-,-,Add this symbol to universe_112co (is_active=TRUE)
NEW_FROM_140,MACFOS,YES,NO,-,-,Add this symbol to universe_112co (is_active=TRUE)
NEW_FROM_140,MACPOWERCNC,YES,NO,-,-,Add this symbol to universe_112co (is_active=TRUE)
NEW_FROM_140,MAGELLAN,YES,NO,-,-,Add this symbol to universe_112co (is_active=TRUE)
NEW_FROM_140,MANAKSIA,YES,NO,-,-,Add this symbol to universe_112co (is_active=TRUE)
NEW_FROM_140,MANORAMAIND,YES,NO,-,-,Add this symbol to universe_112co (is_active=TRUE)
NEW_FROM_140,MIRAESMAL,YES,NO,-,-,Add this symbol to universe_112co (is_active=TRUE)
NEW_FROM_140,MONOTYPEINDIA,YES,NO,-,-,Add this symbol to universe_112co (is_active=TRUE)
NEW_FROM_140,NATCOPHARMA,YES,NO,-,-,Add this symbol to universe_112co (is_active=TRUE)
NEW_FROM_140,NIPPONAMC,YES,NO,-,-,Add this symbol to universe_112co (is_active=TRUE)
NEW_FROM_140,NITAGELATIN,YES,NO,-,-,Add this symbol to universe_112co (is_active=TRUE)
NEW_FROM_140,PGHYGIENE,YES,NO,-,-,Add this symbol to universe_112co (is_active=TRUE)
NEW_FROM_140,PNBHOUSING,YES,NO,-,-,Add this symbol to universe_112co (is_active=TRUE)
NEW_FROM_140,POCL,YES,NO,-,-,Add this symbol to universe_112co (is_active=TRUE)
NEW_FROM_140,POLYCAB,YES,NO,-,-,Add this symbol to universe_112co (is_active=TRUE)
NEW_FROM_140,PTC,YES,NO,-,-,Add this symbol to universe_112co (is_active=TRUE)
NEW_FROM_140,RAMRATNA,YES,NO,-,-,Add this symbol to universe_112co (is_active=TRUE)
NEW_FROM_140,RASHIPERIP,YES,NO,-,-,Add this symbol to universe_112co (is_active=TRUE)
NEW_FROM_140,RATTANINDIA,YES,NO,-,-,Add this symbol to universe_112co (is_active=TRUE)
NEW_FROM_140,RRPDEFENSE,YES,NO,-,-,Add this symbol to universe_112co (is_active=TRUE)
NEW_FROM_140,RRPSEMI,YES,NO,-,-,Add this symbol to universe_112co (is_active=TRUE)
NEW_FROM_140,RUBICONRES,YES,NO,-,-,Add this symbol to universe_112co (is_active=TRUE)
NEW_FROM_140,SAATVIKGREEN,YES,NO,-,-,Add this symbol to universe_112co (is_active=TRUE)
NEW_FROM_140,SANOFI,YES,NO,-,-,Add this symbol to universe_112co (is_active=TRUE)
NEW_FROM_140,SGFINSERVE,YES,NO,-,-,Add this symbol to universe_112co (is_active=TRUE)
NEW_FROM_140,SHAKTIPUMPS,YES,NO,-,-,Add this symbol to universe_112co (is_active=TRUE)
NEW_FROM_140,SMCGLOBALSEC,YES,NO,-,-,Add this symbol to universe_112co (is_active=TRUE)
NEW_FROM_140,SONATASOFTWARE,YES,NO,-,-,Add this symbol to universe_112co (is_active=TRUE)
NEW_FROM_140,SRMCONTRACT,YES,NO,-,-,Add this symbol to universe_112co (is_active=TRUE)
NEW_FROM_140,STRINGMETAVERSE,YES,NO,-,-,Add this symbol to universe_112co (is_active=TRUE)
NEW_FROM_140,SUPRIYA,YES,NO,-,-,Add this symbol to universe_112co (is_active=TRUE)
NEW_FROM_140,SYNCOMFORM,YES,NO,-,-,Add this symbol to universe_112co (is_active=TRUE)
NEW_FROM_140,TEMBOGLOBAL,YES,NO,-,-,Add this symbol to universe_112co (is_active=TRUE)
NEW_FROM_140,TILAKNAGAR,YES,NO,-,-,Add this symbol to universe_112co (is_active=TRUE)
NEW_FROM_140,TIPSFILMS,YES,NO,-,-,Add this symbol to universe_112co (is_active=TRUE)
NEW_FROM_140,TITANBIOTECH,YES,NO,-,-,Add this symbol to universe_112co (is_active=TRUE)
NEW_FROM_140,TOURISMFIN,YES,NO,-,-,Add this symbol to universe_112co (is_active=TRUE)
NEW_FROM_140,UGRO,YES,NO,-,-,Add this symbol to universe_112co (is_active=TRUE)
NEW_FROM_140,VALIANTLAB,YES,NO,-,-,Add this symbol to universe_112co (is_active=TRUE)
NEW_FROM_140,VEDANTA,YES,NO,-,-,Add this symbol to universe_112co (is_active=TRUE)
NEW_FROM_140,WEBSOLENERGY,YES,NO,-,-,Add this symbol to universe_112co (is_active=TRUE)
NEW_FROM_140,WPIL,YES,NO,-,-,Add this symbol to universe_112co (is_active=TRUE)
DROP_FROM_112,ADVAIT,NO,YES,True,Advait Energy,Deactivate this symbol (is_active=FALSE) — not in the 140 list
DROP_FROM_112,AEROFLEX,NO,YES,True,Aeroflex Industries,Deactivate this symbol (is_active=FALSE) — not in the 140 list
DROP_FROM_112,AIL,NO,YES,True,Aditya Infotech (CP Plus),Deactivate this symbol (is_active=FALSE) — not in the 140 list
DROP_FROM_112,ARIS,NO,YES,True,Arisinfra,Deactivate this symbol (is_active=FALSE) — not in the 140 list
DROP_FROM_112,ASHOKA,NO,YES,True,Ashoka Buildcon,Deactivate this symbol (is_active=FALSE) — not in the 140 list
DROP_FROM_112,BAJAJCON,NO,YES,True,Bajaj Consumer,Deactivate this symbol (is_active=FALSE) — not in the 140 list
DROP_FROM_112,BBTC,NO,YES,True,Bombay Burmah,Deactivate this symbol (is_active=FALSE) — not in the 140 list
DROP_FROM_112,BSE,NO,YES,True,BSE,Deactivate this symbol (is_active=FALSE) — not in the 140 list
DROP_FROM_112,CARRARO,NO,YES,True,Carraro India,Deactivate this symbol (is_active=FALSE) — not in the 140 list
DROP_FROM_112,CGCL,NO,YES,True,Capri Global,Deactivate this symbol (is_active=FALSE) — not in the 140 list
DROP_FROM_112,ENGINERSIN,NO,YES,True,Engineers India,Deactivate this symbol (is_active=FALSE) — not in the 140 list
DROP_FROM_112,EXPLEOSOL,NO,YES,True,Expleo Solutions,Deactivate this symbol (is_active=FALSE) — not in the 140 list
DROP_FROM_112,GRMOVER,NO,YES,True,GRM Overseas,Deactivate this symbol (is_active=FALSE) — not in the 140 list
DROP_FROM_112,GROWW,NO,YES,True,Groww,Deactivate this symbol (is_active=FALSE) — not in the 140 list
DROP_FROM_112,GVT&D,NO,YES,True,GE Vernova T&D,Deactivate this symbol (is_active=FALSE) — not in the 140 list
DROP_FROM_112,HBLENGINE,NO,YES,True,HBL Engineering,Deactivate this symbol (is_active=FALSE) — not in the 140 list
DROP_FROM_112,HERITGFOOD,NO,YES,True,Heritage Foods,Deactivate this symbol (is_active=FALSE) — not in the 140 list
DROP_FROM_112,IFBIND,NO,YES,True,IFB Industries,Deactivate this symbol (is_active=FALSE) — not in the 140 list
DROP_FROM_112,INFY,NO,YES,True,Infosys,Deactivate this symbol (is_active=FALSE) — not in the 140 list
DROP_FROM_112,JAYNECOIND,NO,YES,True,Jayaswal Neco,Deactivate this symbol (is_active=FALSE) — not in the 140 list
DROP_FROM_112,JMFINANCIL,NO,YES,True,JM Financial,Deactivate this symbol (is_active=FALSE) — not in the 140 list
DROP_FROM_112,KMEW,NO,YES,True,Knowledge Marine,Deactivate this symbol (is_active=FALSE) — not in the 140 list
DROP_FROM_112,KPEL,NO,YES,True,KP Energy,Deactivate this symbol (is_active=FALSE) — not in the 140 list
DROP_FROM_112,KRISHANA,NO,YES,True,Krishana Phoschem,Deactivate this symbol (is_active=FALSE) — not in the 140 list
DROP_FROM_112,LUMAXTECH,NO,YES,True,Lumax Auto Tech,Deactivate this symbol (is_active=FALSE) — not in the 140 list
DROP_FROM_112,MACPOWER,NO,YES,True,Macpower CNC,Deactivate this symbol (is_active=FALSE) — not in the 140 list
DROP_FROM_112,MANAKCOAT,NO,YES,True,Manaksia Coated,Deactivate this symbol (is_active=FALSE) — not in the 140 list
DROP_FROM_112,MANORAMA,NO,YES,True,Manorama Industries,Deactivate this symbol (is_active=FALSE) — not in the 140 list
DROP_FROM_112,MCLOUD,NO,YES,True,Magellanic Cloud,Deactivate this symbol (is_active=FALSE) — not in the 140 list
DROP_FROM_112,NAM-INDIA,NO,YES,True,Nippon Life AMC,Deactivate this symbol (is_active=FALSE) — not in the 140 list
DROP_FROM_112,NATCOPHARM,NO,YES,True,Natco Pharma,Deactivate this symbol (is_active=FALSE) — not in the 140 list
DROP_FROM_112,PFS,NO,YES,True,PTC India Financial,Deactivate this symbol (is_active=FALSE) — not in the 140 list
DROP_FROM_112,PGHH,NO,YES,True,P&G Hygiene,Deactivate this symbol (is_active=FALSE) — not in the 140 list
DROP_FROM_112,PNBGILTS,NO,YES,True,PNB Gilts,Deactivate this symbol (is_active=FALSE) — not in the 140 list
DROP_FROM_112,PRECWIRE,NO,YES,True,Precision Wires,Deactivate this symbol (is_active=FALSE) — not in the 140 list
DROP_FROM_112,QPOWER,NO,YES,True,Quality Power,Deactivate this symbol (is_active=FALSE) — not in the 140 list
DROP_FROM_112,RAMRAT,NO,YES,True,Ram Ratna Wires,Deactivate this symbol (is_active=FALSE) — not in the 140 list
DROP_FROM_112,RPTECH,NO,YES,True,Rashi Peripherals,Deactivate this symbol (is_active=FALSE) — not in the 140 list
DROP_FROM_112,RTNINDIA,NO,YES,True,RattanIndia,Deactivate this symbol (is_active=FALSE) — not in the 140 list
DROP_FROM_112,RUBICON,NO,YES,True,Rubicon Research,Deactivate this symbol (is_active=FALSE) — not in the 140 list
DROP_FROM_112,SAATVIKGL,NO,YES,True,Saatvik Green,Deactivate this symbol (is_active=FALSE) — not in the 140 list
DROP_FROM_112,SANOFICONR,NO,YES,True,Sanofi Consumer,Deactivate this symbol (is_active=FALSE) — not in the 140 list
DROP_FROM_112,SGFIN,NO,YES,True,SG Finserve,Deactivate this symbol (is_active=FALSE) — not in the 140 list
DROP_FROM_112,SHAKTIPUMP,NO,YES,True,Shakti Pumps,Deactivate this symbol (is_active=FALSE) — not in the 140 list
DROP_FROM_112,SMCGLOBAL,NO,YES,True,SMC Global,Deactivate this symbol (is_active=FALSE) — not in the 140 list
DROP_FROM_112,SONATSOFTW,NO,YES,True,Sonata Software,Deactivate this symbol (is_active=FALSE) — not in the 140 list
DROP_FROM_112,SRM,NO,YES,True,SRM Contractors,Deactivate this symbol (is_active=FALSE) — not in the 140 list
DROP_FROM_112,SYNCOMF,NO,YES,True,Syncom Formulation,Deactivate this symbol (is_active=FALSE) — not in the 140 list
DROP_FROM_112,TEMBO,NO,YES,True,Tembo Global,Deactivate this symbol (is_active=FALSE) — not in the 140 list
DROP_FROM_112,TI,NO,YES,True,Tilaknagar Industries,Deactivate this symbol (is_active=FALSE) — not in the 140 list
DROP_FROM_112,TIPSMUSIC,NO,YES,True,Tips Music,Deactivate this symbol (is_active=FALSE) — not in the 140 list
DROP_FROM_112,UGROCAP,NO,YES,True,Ugro Capital,Deactivate this symbol (is_active=FALSE) — not in the 140 list
DROP_FROM_112,VEDL,NO,YES,True,Vedanta,Deactivate this symbol (is_active=FALSE) — not in the 140 list
DROP_FROM_112,WAAREERTL,NO,YES,True,Waaree Renewable,Deactivate this symbol (is_active=FALSE) — not in the 140 list
DROP_FROM_112,WEBELSOLAR,NO,YES,True,Websol Energy,Deactivate this symbol (is_active=FALSE) — not in the 140 list
OVERLAP,ACE,YES,YES,True,Action Construction,Already in both lists — no change
OVERLAP,ACUTAAS,YES,YES,True,Acutaas Chemicals,Already in both lists — no change
OVERLAP,ADFFOODS,YES,YES,True,ADF Foods,Already in both lists — no change
OVERLAP,AGI,YES,YES,True,AGI Greenpac,Already in both lists — no change
OVERLAP,ALPEXSOLAR,YES,YES,True,Alpex Solar,Already in both lists — no change
OVERLAP,AMBER,YES,YES,True,Amber Enterprises,Already in both lists — no change
OVERLAP,AMRUTANJAN,YES,YES,True,Amrutanjan Health,Already in both lists — no change
OVERLAP,ANGELONE,YES,YES,True,Angel One,Already in both lists — no change
OVERLAP,BAJAJFINSV,YES,YES,True,Bajaj Finserv,Already in both lists — no change
OVERLAP,BALUFORGE,YES,YES,True,Balu Forge,Already in both lists — no change
OVERLAP,CCL,YES,YES,True,CCL Products,Already in both lists — no change
OVERLAP,CGPOWER,YES,YES,True,CG Power,Already in both lists — no change
OVERLAP,CUPID,YES,YES,True,Cupid,Already in both lists — no change
OVERLAP,DATAPATTNS,YES,YES,True,Data Patterns,Already in both lists — no change
OVERLAP,EPL,YES,YES,True,EPL,Already in both lists — no change
OVERLAP,GENUSPOWER,YES,YES,True,Genus Power,Already in both lists — no change
OVERLAP,GILLETTE,YES,YES,True,Gillette India,Already in both lists — no change
OVERLAP,GRANULES,YES,YES,True,Granules India,Already in both lists — no change
OVERLAP,HINDUNILVR,YES,YES,True,Hindustan Unilever,Already in both lists — no change
OVERLAP,HINDZINC,YES,YES,True,Hindustan Zinc,Already in both lists — no change
OVERLAP,ICEMAKE,YES,YES,True,ICE Make Refrig.,Already in both lists — no change
OVERLAP,IIFL,YES,YES,True,IIFL Finance,Already in both lists — no change
OVERLAP,ITC,YES,YES,True,ITC,Already in both lists — no change
OVERLAP,JSWDULUX,YES,YES,True,JSW Dulux,Already in both lists — no change
OVERLAP,KEC,YES,YES,True,KEC International,Already in both lists — no change
OVERLAP,KERNEX,YES,YES,True,Kernex Microsystems,Already in both lists — no change
OVERLAP,KIRLOSENG,YES,YES,True,Kirloskar Oil Engines,Already in both lists — no change
OVERLAP,LLOYDSME,YES,YES,True,Lloyds Metals,Already in both lists — no change
OVERLAP,LUPIN,YES,YES,True,Lupin,Already in both lists — no change
OVERLAP,MCX,YES,YES,True,MCX,Already in both lists — no change
OVERLAP,MUTHOOTFIN,YES,YES,True,Muthoot Finance,Already in both lists — no change
OVERLAP,NAVINFLUOR,YES,YES,True,Navin Fluorine,Already in both lists — no change
OVERLAP,NETWEB,YES,YES,True,Netweb Technologies,Already in both lists — no change
OVERLAP,OLECTRA,YES,YES,True,Olectra Greentech,Already in both lists — no change
OVERLAP,POONAWALLA,YES,YES,True,Poonawalla Fincorp,Already in both lists — no change
OVERLAP,QUESS,YES,YES,True,Quess Corp,Already in both lists — no change
OVERLAP,SAFARI,YES,YES,True,Safari Industries,Already in both lists — no change
OVERLAP,SHAILY,YES,YES,True,Shaily Engineering,Already in both lists — no change
OVERLAP,SJS,YES,YES,True,SJS Enterprises,Already in both lists — no change
OVERLAP,SKFINDIA,YES,YES,True,SKF India,Already in both lists — no change
OVERLAP,SKIPPER,YES,YES,True,Skipper,Already in both lists — no change
OVERLAP,SKYGOLD,YES,YES,True,Sky Gold,Already in both lists — no change
OVERLAP,SUZLON,YES,YES,True,Suzlon Energy,Already in both lists — no change
OVERLAP,TAJGVK,YES,YES,True,Taj GVK Hotels,Already in both lists — no change
OVERLAP,TARIL,YES,YES,True,Transformers & Rectifiers,Already in both lists — no change
OVERLAP,TBZ,YES,YES,True,TBZ,Already in both lists — no change
OVERLAP,TCS,YES,YES,True,TCS,Already in both lists — no change
OVERLAP,TDPOWERSYS,YES,YES,True,TD Power Systems,Already in both lists — no change
OVERLAP,TITAN,YES,YES,True,Titan Company,Already in both lists — no change
OVERLAP,TMPV,YES,YES,True,Tata Motors PV,Already in both lists — no change
OVERLAP,TRENT,YES,YES,True,Trent,Already in both lists — no change
OVERLAP,VINATIORGA,YES,YES,True,Vinati Organics,Already in both lists — no change
OVERLAP,VSTIND,YES,YES,True,VST Industries,Already in both lists — no change
OVERLAP,WAAREEENER,YES,YES,True,Waaree Energies,Already in both lists — no change
OVERLAP,WELCORP,YES,YES,True,Welspun Corp,Already in both lists — no change
OVERLAP,WESTLIFE,YES,YES,True,Westlife Foodworld,Already in both lists — no change
OVERLAP,ZENSARTECH,YES,YES,True,Zensar Technologies,Already in both lists — no change
