ticker,name,sector,industry,fiscal_year,revenue,ebitda,pat,roce,capex,employee_cost,total_assets,pe,ev_ebitda,pb,debt_equity
TCS,Tata Consultancy Services,IT,IT Services,2022,,,,,,,,17.035213,11.463,7.3863587,10.389
TCS,Tata Consultancy Services,IT,IT Services,2023,2254580000000.0,627080000000.0,421470000000.0,0.576324,-31000000000.0,,1436510000000.0,17.035213,11.463,7.3863587,10.389
TCS,Tata Consultancy Services,IT,IT Services,2024,2408930000000.0,677600000000.0,459080000000.0,0.625592,-26740000000.0,,1464490000000.0,17.035213,11.463,7.3863587,10.389
TCS,Tata Consultancy Services,IT,IT Services,2025,2553240000000.0,713690000000.0,485530000000.0,0.620165,-39370000000.0,,1596290000000.0,17.035213,11.463,7.3863587,10.389
TCS,Tata Consultancy Services,IT,IT Services,2026,2670210000000.0,722740000000.0,492100000000.0,0.549276,-41460000000.0,,1823720000000.0,17.035213,11.463,7.3863587,10.389
INFY,Infosys,IT,IT Services,2022,,,,,,873000000.0,,15.221617,1072.82,5.143902,9.827
INFY,Infosys,IT,IT Services,2023,18212000000.0,4684000000.0,2981000000.0,0.394575,-319000000.0,905000000.0,15312000000.0,15.221617,1072.82,5.143902,9.827
INFY,Infosys,IT,IT Services,2024,18562000000.0,4967000000.0,3167000000.0,0.370788,-266000000.0,985000000.0,16523000000.0,15.221617,1072.82,5.143902,9.827
INFY,Infosys,IT,IT Services,2025,19277000000.0,5065000000.0,3158000000.0,0.362376,-263000000.0,1016000000.0,17419000000.0,15.221617,1072.82,5.143902,9.827
INFY,Infosys,IT,IT Services,2026,20158000000.0,5105000000.0,3313000000.0,0.41656,-306000000.0,,16446000000.0,15.221617,1072.82,5.143902,9.827
WIPRO,Wipro,IT,IT Services,2022,790934000000.0,187511000000.0,122191000000.0,0.203152,-20153000000.0,67629000000.0,1079182000000.0,16.184063,10.151,2.3724477,22.853
WIPRO,Wipro,IT,IT Services,2023,904876000000.0,188883000000.0,113500000000.0,0.171222,-14834000000.0,80885000000.0,1175822000000.0,16.184063,10.151,2.3724477,22.853
WIPRO,Wipro,IT,IT Services,2024,897603000000.0,189541000000.0,110452000000.0,0.172744,-10510000000.0,89835000000.0,1152459000000.0,16.184063,10.151,2.3724477,22.853
WIPRO,Wipro,IT,IT Services,2025,890884000000.0,213783000000.0,131354000000.0,0.184155,-15037000000.0,80677000000.0,1286520000000.0,16.184063,10.151,2.3724477,22.853
HCLTECH,HCL Technologies,IT,IT Services,2022,,,,,,,,18.976198,1085.873,4.207085,6.935
HCLTECH,HCL Technologies,IT,IT Services,2023,1014560000000.0,239860000000.0,148510000000.0,0.275646,-16610000000.0,,934110000000.0,18.976198,1085.873,4.207085,6.935
HCLTECH,HCL Technologies,IT,IT Services,2024,1099130000000.0,256930000000.0,157020000000.0,0.279296,-10480000000.0,,997770000000.0,18.976198,1085.873,4.207085,6.935
HCLTECH,HCL Technologies,IT,IT Services,2025,1170550000000.0,279890000000.0,173900000000.0,0.308432,-11080000000.0,,1055440000000.0,18.976198,1085.873,4.207085,6.935
HCLTECH,HCL Technologies,IT,IT Services,2026,1301440000000.0,273260000000.0,166420000000.0,0.272065,-14220000000.0,,1162580000000.0,18.976198,1085.873,4.207085,6.935
HDFCBANK,HDFC Bank,BANKS,Private Bank,2022,1019413700000.0,,386000400000.0,,-26324400000.0,165287700000.0,21113705500000.0,17.123716,,2.0879965,
HDFCBANK,HDFC Bank,BANKS,Private Bank,2023,1205375000000.0,,495446900000.0,,-43620300000.0,199726800000.0,25755624000000.0,17.123716,,2.0879965,
HDFCBANK,HDFC Bank,BANKS,Private Bank,2024,1986934300000.0,,622656600000.0,,-53838000000.0,288776000000.0,44118573000000.0,17.123716,,2.0879965,
HDFCBANK,HDFC Bank,BANKS,Private Bank,2025,2371508200000.0,,673508300000.0,,-66397300000.0,299251700000.0,48187671100000.0,17.123716,,2.0879965,
ICICIBANK,ICICI Bank,BANKS,Private Bank,2022,,,,,,,,16.920504,,2.4937572,
ICICIBANK,ICICI Bank,BANKS,Private Bank,2023,1302384597000.0,,340366408000.0,,-24676808000.0,152479092000.0,19584904970000.0,16.920504,,2.4937572,
ICICIBANK,ICICI Bank,BANKS,Private Bank,2024,1533819611000.0,,442563735000.0,,-36785464000.0,191865783000.0,23640630275000.0,16.920504,,2.4937572,
ICICIBANK,ICICI Bank,BANKS,Private Bank,2025,2055592900000.0,,510292000000.0,,-47700000000.0,236299400000.0,26422414134000.0,16.920504,,2.4937572,
ICICIBANK,ICICI Bank,BANKS,Private Bank,2026,2230897800000.0,,542077000000.0,,-37300000000.0,252586200000.0,29144979700000.0,16.920504,,2.4937572,
SBIN,State Bank of India,BANKS,Public Bank,2022,,,,,,,,10.417032,,1.4799777,
SBIN,State Bank of India,BANKS,Public Bank,2023,2703369068000.0,,556481728000.0,,-40436315000.0,,59544183170000.0,10.417032,,1.4799777,
SBIN,State Bank of India,BANKS,Public Bank,2024,3236135037000.0,,670846661000.0,,-41751262000.0,,67337787997000.0,10.417032,,1.4799777,
SBIN,State Bank of India,BANKS,Public Bank,2025,3623999900000.0,,775613400000.0,,-56372200000.0,,73141853408000.0,10.417032,,1.4799777,
SBIN,State Bank of India,BANKS,Public Bank,2026,3946121500000.0,,832987800000.0,,-83629600000.0,,83215685700000.0,10.417032,,1.4799777,
BAJFINANCE,Bajaj Finance,NBFC,NBFC,2022,,,,,,,,30.031126,,4.9983096,313.407
BAJFINANCE,Bajaj Finance,NBFC,NBFC,2023,269669000000.0,,115076900000.0,,-8783200000.0,,2752263100000.0,30.031126,,4.9983096,313.407
BAJFINANCE,Bajaj Finance,NBFC,NBFC,2024,343263200000.0,,144511700000.0,,-10377800000.0,,3757416200000.0,30.031126,,4.9983096,313.407
BAJFINANCE,Bajaj Finance,NBFC,NBFC,2025,414795700000.0,,166378200000.0,,-10818200000.0,,4661268300000.0,30.031126,,4.9983096,313.407
BAJFINANCE,Bajaj Finance,NBFC,NBFC,2026,496654500000.0,,190173900000.0,,-9611000000.0,,5599523600000.0,30.031126,,4.9983096,313.407
RELIANCE,Reliance Industries,CONGLOMERATE,Diversified,2022,,,,,,,,22.677048,12.124,2.0277097,36.653
RELIANCE,Reliance Industries,CONGLOMERATE,Diversified,2023,8778350000000.0,1533070000000.0,667020000000.0,0.093262,-1409880000000.0,,16074310000000.0,22.677048,12.124,2.0277097,36.653
RELIANCE,Reliance Industries,CONGLOMERATE,Diversified,2024,9010640000000.0,1769440000000.0,696210000000.0,0.092824,-1528830000000.0,,17559860000000.0,22.677048,12.124,2.0277097,36.653
RELIANCE,Reliance Industries,CONGLOMERATE,Diversified,2025,9646930000000.0,1834220000000.0,696480000000.0,0.087067,-1399670000000.0,,19501210000000.0,22.677048,12.124,2.0277097,36.653
RELIANCE,Reliance Industries,CONGLOMERATE,Diversified,2026,10572190000000.0,2079110000000.0,807750000000.0,0.091774,-1229160000000.0,,21781400000000.0,22.677048,12.124,2.0277097,36.653
HINDUNILVR,Hindustan Unilever,CONSUMER,FMCG,2022,,,,,,,,48.784595,33.791,10.626468,3.016
HINDUNILVR,Hindustan Unilever,CONSUMER,FMCG,2023,595490000000.0,146100000000.0,101200000000.0,0.22041,-11920000000.0,,730870000000.0,48.784595,33.791,10.626468,3.016
HINDUNILVR,Hindustan Unilever,CONSUMER,FMCG,2024,609660000000.0,154760000000.0,102770000000.0,0.217312,-14770000000.0,,784990000000.0,48.784595,33.791,10.626468,3.016
HINDUNILVR,Hindustan Unilever,CONSUMER,FMCG,2025,605730000000.0,161720000000.0,106490000000.0,0.233791,-12750000000.0,,798800000000.0,48.784595,33.791,10.626468,3.016
HINDUNILVR,Hindustan Unilever,CONSUMER,FMCG,2026,637630000000.0,156580000000.0,150400000000.0,0.221516,-13610000000.0,,797520000000.0,48.784595,33.791,10.626468,3.016
NESTLEIND,Nestle India,CONSUMER,FMCG,2021,146649000000.0,34500200000.0,21184100000.0,0.559295,-7348400000.0,,82341300000.0,78.106476,51.549,53.213924,8.613
NESTLEIND,Nestle India,CONSUMER,FMCG,2022,167895300000.0,38135500000.0,23905200000.0,0.578157,-5499200000.0,,89787400000.0,78.106476,51.549,53.213924,8.613
NESTLEIND,Nestle India,CONSUMER,FMCG,2025,200775000000.0,49920400000.0,32075900000.0,0.592986,-20086400000.0,,121933200000.0,78.106476,51.549,53.213924,8.613
MARUTI,Maruti Suzuki,AUTO,Passenger Vehicles,2022,,,,,,,,27.777897,18.226,3.8104408,0.096
MARUTI,Maruti Suzuki,AUTO,Passenger Vehicles,2023,1137648000000.0,155365000000.0,82637000000.0,0.137731,-80648000000.0,,1003854000000.0,27.777897,18.226,3.8104408,0.096
MARUTI,Maruti Suzuki,AUTO,Passenger Vehicles,2024,1364838000000.0,228739000000.0,134882000000.0,0.197073,-91999000000.0,,1153508000000.0,27.777897,18.226,3.8104408,0.096
MARUTI,Maruti Suzuki,AUTO,Passenger Vehicles,2025,1505556000000.0,254224000000.0,145002000000.0,0.195404,-106210000000.0,,1319718000000.0,27.777897,18.226,3.8104408,0.096
MARUTI,Maruti Suzuki,AUTO,Passenger Vehicles,2026,1803501000000.0,260989000000.0,146795000000.0,0.172216,-103976000000.0,,1488810000000.0,27.777897,18.226,3.8104408,0.096
SUNPHARMA,Sun Pharmaceutical,PHARMA,Pharmaceuticals,2022,384264200000.0,67524100000.0,32727300000.0,0.087618,-14950400000.0,,697998700000.0,38.606113,25.191,5.685103,5.517
SUNPHARMA,Sun Pharmaceutical,PHARMA,Pharmaceuticals,2023,432788700000.0,121108600000.0,84735800000.0,0.157478,-20855800000.0,,807435900000.0,38.606113,25.191,5.685103,5.517
SUNPHARMA,Sun Pharmaceutical,PHARMA,Pharmaceuticals,2024,477584500000.0,138831500000.0,95763800000.0,0.165312,-22018100000.0,,854996500000.0,38.606113,25.191,5.685103,5.517
SUNPHARMA,Sun Pharmaceutical,PHARMA,Pharmaceuticals,2025,520412500000.0,165588800000.0,109290400000.0,0.189205,-21285800000.0,,921005800000.0,38.606113,25.191,5.685103,5.517
DIVISLAB,Divi's Laboratories,PHARMA,Pharmaceuticals,2022,87992300000.0,39953800000.0,29604500000.0,0.302473,-7132000000.0,,133747100000.0,73.53192,53.375,11.854679,0.584
DIVISLAB,Divi's Laboratories,PHARMA,Pharmaceuticals,2023,76650000000.0,27120000000.0,18240000000.0,0.177613,-4730000000.0,,144390000000.0,73.53192,53.375,11.854679,0.584
DIVISLAB,Divi's Laboratories,PHARMA,Pharmaceuticals,2024,77960000000.0,25440000000.0,16000000000.0,0.152621,-10030000000.0,,154700000000.0,73.53192,53.375,11.854679,0.584
DIVISLAB,Divi's Laboratories,PHARMA,Pharmaceuticals,2025,93250000000.0,33200000000.0,21910000000.0,0.188501,-14380000000.0,,169320000000.0,73.53192,53.375,11.854679,0.584
