symbol,entry_date,exit_date,entry_price,exit_price,shares,pnl,exit_reason
GMDCLTD,2007-10-15,2007-10-19,26.2909,28.7066,378,869.7302208000019,SCORE_LOW
BLUESTARCO,2007-10-24,2007-10-26,142.1626,148.9341,70,432.3034520000019,SCORE_LOW
JINDALSAW,2007-10-29,2007-11-02,56.8828,63.0657,179,1061.5840587999992,SCORE_LOW
MRF,2007-10-29,2007-11-05,6408.0596,7299.0278,1,861.7720888000003,SCORE_LOW
PATANJALI,2007-11-02,2007-11-06,3715.3696,3674.7478,2,-110.6415823999996,SCORE_LOW
ENGINERSIN,2007-10-26,2007-11-07,35.534,47.6661,283,3379.426274800002,SCORE_LOW
JMFINANCIL,2007-11-05,2007-11-07,60.8571,59.2086,175,-329.9335200000005,SCORE_LOW
GODREJIND,2007-11-06,2007-11-08,224.4038,235.7637,47,489.5917243999993,SCORE_LOW
FACT,2007-11-05,2007-11-12,34.0377,32.5426,313,-508.7096352000008,SCORE_LOW
RCF,2007-11-14,2007-11-19,45.5309,50.1472,231,1020.0292871999991,SCORE_LOW
MOTILALOFS,2007-11-15,2007-11-19,320.2525,308.498,33,-428.62023600000066,SCORE_LOW
FACT,2007-11-16,2007-11-21,43.6559,45.749,243,464.1552720000018,SCORE_LOW
HFCL,2007-11-20,2007-11-21,31.782,29.7188,336,-733.1772671999988,SCORE_LOW
CENTURYPLY,2007-11-29,2007-12-04,48.4136,56.8097,217,1772.6428804000006,SCORE_LOW
KEI,2007-12-06,2007-12-10,85.5761,85.1727,125,-93.01134999999704,SCORE_LOW
TRIDENT,2007-12-10,2007-12-13,2.1063,2.2113,5085,488.94715800000085,SCORE_LOW
TECHNOE,2007-12-12,2007-12-14,226.0409,246.1748,48,919.1616384000008,SCORE_LOW
BERGEPAINT,2007-12-12,2007-12-17,16.0843,14.8312,675,-885.8867399999981,SCORE_LOW
ADANIENT,2007-12-13,2007-12-17,57.5634,56.7883,190,-190.42810800000007,SCORE_LOW
CUB,2007-12-13,2007-12-17,20.5847,19.3293,531,-707.6728332000002,SCORE_LOW
HFCL,2007-12-11,2007-12-20,36.3012,39.838,298,1006.479503999999,SCORE_LOW
GODREJIND,2007-12-17,2007-12-20,446.6194,384.0936,24,-1537.4921856,SCORE_LOW
GILLETTE,2007-12-14,2007-12-24,1040.395,1129.0956,10,841.8421760000019,SCORE_LOW
TRIDENT,2007-12-31,2008-01-02,2.6414,2.638,4040,-56.36607999999978,SCORE_LOW
ADANIENT,2008-01-02,2008-01-04,79.525,79.6254,134,-29.225614400000268,SCORE_LOW
CUB,2008-01-02,2008-01-04,22.9538,23.2664,464,101.86396160000004,SCORE_LOW
RCF,2008-01-02,2008-01-08,82.1453,85.6234,129,404.4932255999993,SCORE_LOW
OLECTRA,2008-01-02,2008-01-09,53.8357,59.3549,198,1045.7925192000002,SCORE_LOW
TECHNOE,2008-01-04,2008-01-09,284.4545,274.0916,38,-435.4521231999988,SCORE_LOW
BBTC,2008-01-07,2008-01-09,170.0701,172.5032,64,111.55758079999941,SCORE_LOW
HFCL,2008-01-02,2008-01-10,50.7922,53.5922,209,540.396920799998,SCORE_LOW
TORNTPOWER,2008-01-03,2008-01-10,159.6837,144.0903,67,-1083.3740003999992,SCORE_LOW
KEI,2008-01-07,2008-01-11,108.1245,115.1176,102,666.3282191999988,SCORE_LOW
ASTRAL,2009-06-02,2009-06-09,4.7021,5.0463,2287,741.0218475999991,SCORE_LOW
GRANULES,2009-06-02,2009-06-12,5.5439,5.2609,1939,-589.5405403999994,SCORE_LOW
FACT,2009-06-02,2009-06-17,51.7791,42.7589,207,-1902.585769199999,TRAILING_STOP_20
ASHOKLEY,2009-06-02,2009-06-18,6.4082,5.1195,1678,-2196.800684,TRAILING_STOP_20
DEEPAKFERT,2009-06-02,2009-06-19,65.4648,55.2773,164,-1707.0119087999992,SCORE_LOW
ACC,2009-06-18,2009-06-19,591.242,585.5743,15,-120.14995799999997,SCORE_LOW
GMRAIRPORT,2009-06-02,2009-06-22,75.4717,61.0016,142,-2089.4031087999992,TRAILING_STOP_20
COROMANDEL,2009-06-02,2009-06-23,77.1887,65.2383,139,-1697.3780947999985,TRAILING_STOP_20
ATUL,2009-06-22,2009-06-23,53.9488,54.0306,160,-21.4915839999976,SCORE_LOW
RCF,2009-06-02,2009-07-07,55.4369,43.8286,193,-2274.2375792000003,TRAILING_STOP_20
IDBI,2009-06-19,2009-07-10,82.7561,70.1429,108,-1392.5273328000012,TRAILING_STOP_20
ABB,2009-07-29,2009-08-25,596.2734,622.5558,17,404.46700559999954,SCORE_LOW
ACE,2009-08-25,2009-09-29,35.3851,33.098,296,-716.169632000001,SCORE_LOW
EIDPARRY,2009-06-02,2009-09-30,110.8015,126.9405,97,1516.2300859999978,SCORE_LOW
AJANTPHARM,2009-09-29,2009-10-01,7.6258,7.4247,1278,-294.96086640000067,SCORE_LOW
ANANTRAJ,2009-09-30,2009-10-07,55.9895,50.7336,218,-1190.025899199998,SCORE_LOW
ASAHIINDIA,2009-10-07,2009-10-14,68.7377,65.6997,171,-564.4365947999995,SCORE_LOW
BAJFINANCE,2009-06-23,2009-10-30,1.3031,2.2726,6996,6719.025561600001,TRAILING_STOP_20
AJANTPHARM,2009-10-30,2009-11-05,7.0225,6.9049,1767,-256.60303320000094,SCORE_LOW
ASTRAZEN,2009-10-01,2009-12-31,860.8552,907.7512,10,432.6499520000016,SCORE_LOW
CYIENT,2009-06-09,2010-01-07,63.5047,102.8029,161,6260.805132399999,SCORE_LOW
OLECTRA,2010-01-07,2010-01-20,34.6533,29.0143,412,-2371.0835664000024,TRAILING_STOP_20
HINDZINC,2009-06-02,2010-02-05,22.4193,35.7503,479,6317.051425200001,TRAILING_STOP_20
AIAENG,2009-06-17,2010-02-26,197.4225,293.368,48,4549.057344000001,SCORE_LOW
AKZOINDIA,2009-12-31,2010-03-15,397.9362,375.8644,30,-707.2577280000005,SCORE_LOW
ASHOKLEY,2009-11-05,2010-03-19,8.9543,9.8071,1424,1158.5259584000014,SCORE_LOW
HONAUT,2009-06-23,2010-05-04,1337.204,2323.7063,6,5863.244848799999,TRAILING_STOP_20
DRREDDY,2009-06-19,2010-05-07,130.6407,216.089,71,6005.460024,SCORE_LOW
AARTIIND,2010-03-19,2010-05-13,8.9786,8.7842,1654,-379.6538671999988,SCORE_LOW
APOLLOTYRE,2009-06-12,2010-05-20,25.1838,52.7183,395,10792.832586000002,TRAILING_STOP_20
MAHSCOOTER,2010-03-15,2010-05-21,260.7822,239.3265,56,-1255.128335999998,TRAILING_STOP_20
ADANIPORTS,2010-05-13,2010-06-21,136.7077,131.8856,106,-567.0620943999966,SCORE_LOW
ADANIENT,2010-05-27,2010-06-23,69.0682,68.4565,214,-189.50256400000035,SCORE_LOW
AMBUJACEM,2010-05-04,2010-06-28,90.8704,92.6698,152,217.1655615999971,SCORE_LOW
ALKYLAMINE,2010-06-21,2010-08-06,12.5983,14.0714,1278,1810.6888032000043,TRAILING_STOP_20
APOLLOHOSP,2010-06-23,2010-09-17,380.6956,384.0927,42,78.15062639999815,SCORE_LOW
ADANIPOWER,2010-05-07,2010-09-20,23.41,27.85,642,2778.9611999999997,SCORE_LOW
ASTRAZEN,2010-06-28,2010-09-28,974.8062,1060.3667,15,1219.7854979999993,TRAILING_STOP_20
ASIANPAINT,2010-02-05,2010-10-13,167.9852,232.8178,79,5048.204975200002,SCORE_LOW
AJANTPHARM,2010-01-20,2010-11-03,10.3915,18.4032,1371,10883.117551199997,SCORE_LOW
CCL,2010-09-20,2010-11-16,26.4893,22.4322,672,-2786.6689535999994,TRAILING_STOP_20
BANKINDIA,2010-09-28,2010-11-24,401.3857,349.0293,39,-2096.3481708,TRAILING_STOP_20
ACE,2010-05-27,2010-11-25,40.8462,50.1976,362,3312.5206752000013,SCORE_LOW
AARTIIND,2010-11-03,2010-11-25,13.5978,12.4076,1545,-1915.537967999997,TRAILING_STOP_20
ASAHIINDIA,2010-08-06,2010-11-26,73.2681,91.061,245,4270.020720000004,TRAILING_STOP_20
ALOKINDS,2010-10-13,2010-11-26,20.8227,24.3936,882,3063.473179200002,TRAILING_STOP_20
ADANIPOWER,2010-11-25,2010-11-30,27.75,27.18,703,-477.140159999999,SCORE_LOW
3MINDIA,2010-02-26,2010-12-06,1896.2797,3284.5344,7,9625.815936799998,SCORE_LOW
BALKRISIND,2010-11-25,2010-12-08,66.1756,63.405,281,-849.8058200000014,SCORE_LOW
ASTRAL,2009-07-29,2010-12-09,5.0132,13.0258,1239,9863.055535200001,TRAILING_STOP_20
BANKINDIA,2010-11-30,2010-12-09,363.9271,331.292,52,-1765.933936000005,SCORE_LOW
ADANIENT,2010-11-26,2010-12-13,75.2807,83.3162,248,1910.1543295999982,SCORE_LOW
ABBOTINDIA,2010-11-24,2010-12-16,1243.024,1058.3181,10,-1889.3917239999973,SCORE_LOW
BAJAJ-AUTO,2009-10-14,2010-12-22,535.6618,980.9219,20,8826.728248000001,SCORE_LOW
BATAINDIA,2010-11-16,2010-12-23,162.1641,152.9369,117,-1151.1568691999964,SCORE_LOW
ASIANPAINT,2010-12-23,2010-12-24,260.0078,253.3275,70,-538.5527000000002,SCORE_LOW
BAJFINANCE,2010-11-26,2010-12-31,6.5216,6.2845,2870,-752.6230600000017,SCORE_LOW
BERGEPAINT,2010-12-13,2010-12-31,26.0698,27.6049,707,1007.2490427999983,SCORE_LOW
AIAENG,2010-12-09,2011-01-04,366.9893,364.2419,48,-201.8096448000033,SCORE_LOW
AMBUJACEM,2010-09-17,2011-01-06,112.6777,105.5637,142,-1070.1481816000014,SCORE_LOW
BAJAJHLDNG,2010-12-24,2011-01-07,636.7664,579.3827,28,-1671.6344623999976,SCORE_LOW
AARTIIND,2011-01-06,2011-01-07,11.6017,11.1519,1488,-735.678508799996,SCORE_LOW
ASTRAL,2010-12-09,2011-01-13,13.0258,12.6626,1367,-565.7334967999996,SCORE_LOW
3MINDIA,2011-01-13,2011-01-14,3447.7136,3440.189,5,-106.42677999999796,SCORE_LOW
BASF,2010-12-06,2011-01-19,598.6152,555.7527,31,-1397.6508347999988,SCORE_LOW
BATAINDIA,2011-01-07,2011-02-01,171.3692,136.39,88,-3126.1788800000013,TRAILING_STOP_20
ALOKINDS,2010-12-31,2011-02-09,25.8776,20.127,711,-4145.9177880000025,TRAILING_STOP_20
BIOCON,2011-01-14,2011-02-09,56.8488,47.8486,300,-2757.47832,SCORE_LOW
APARINDS,2011-01-19,2011-02-09,173.8199,143.1231,97,-3033.1213627999987,SCORE_LOW
APOLLOHOSP,2010-12-31,2011-02-17,426.952,445.0054,43,699.7552711999961,SCORE_LOW
AUROPHARMA,2010-12-16,2011-02-23,120.9066,93.4902,152,-4224.134841599998,TRAILING_STOP_20
ATUL,2011-01-07,2011-03-09,158.2502,142.1148,110,-1837.4245119999996,SCORE_LOW
CARBORUNIV,2010-12-22,2011-03-14,112.8133,102.9135,162,-1670.455547999998,SCORE_LOW
ABBOTINDIA,2011-01-04,2011-03-22,1115.488,1036.3944,16,-1331.8268416000028,SCORE_LOW
KAJARIACER,2011-03-28,2011-03-31,32.0126,32.6186,482,229.2033392000012,SCORE_LOW
SUNPHARMA,2011-03-28,2011-04-01,198.7712,199.916,77,26.575472000000445,SCORE_LOW
M&MFIN,2011-03-28,2011-04-04,81.7693,78.7539,188,-626.1181327999984,SCORE_LOW
SUPREMEIND,2011-03-28,2011-04-04,121.0636,120.9816,127,-71.87265279999883,SCORE_LOW
HAVELLS,2011-04-04,2011-04-06,69.5009,67.7761,227,-453.0702988000012,SCORE_LOW
GRAVITA,2011-03-28,2011-04-26,59.9821,59.1313,257,-279.4425764000007,TRAILING_STOP_20
AXISBANK,2011-03-31,2011-05-12,258.1645,221.716,60,-2240.121839999998,SCORE_LOW
GRASIM,2011-03-28,2011-05-25,343.8274,312.1432,44,-1449.0420032000002,SCORE_LOW
ACC,2010-12-08,2011-06-17,819.7262,794.2678,22,-629.9803663999992,SCORE_LOW
SIEMENS,2011-03-28,2011-06-21,432.8979,415.8993,35,-653.1769020000011,SCORE_LOW
BOSCHLTD,2011-03-28,2011-06-23,5630.1646,5983.2153,2,658.2356775999997,REGIME_BEAR
CRISIL,2011-03-28,2011-06-23,489.0724,549.9174,31,1818.0052424000023,REGIME_BEAR
ITC,2011-04-01,2011-06-23,74.1335,79.6569,213,1108.6165211999978,REGIME_BEAR
BATAINDIA,2011-04-04,2011-06-23,180.3524,228.0334,89,4162.429109600003,REGIME_BEAR
BLUEDART,2011-04-06,2011-06-23,1020.0995,1190.5354,14,2319.4326175999995,REGIME_BEAR
ABBOTINDIA,2011-04-26,2011-06-23,1344.7596,1227.0581,11,-1348.7070564000005,REGIME_BEAR
HCLTECH,2012-06-27,2012-07-17,83.5356,85.1361,186,234.3517415999995,SCORE_LOW
GILLETTE,2012-06-27,2012-07-20,1958.8623,1916.8181,7,-347.9803068000001,SCORE_LOW
EICHERMOT,2012-06-27,2012-08-09,182.5176,190.4918,85,613.0397880000019,SCORE_LOW
ABBOTINDIA,2012-08-09,2012-08-13,1328.6871,1333.9474,12,-0.9058752000019012,SCORE_LOW
CEATLTD,2012-06-27,2012-08-14,85.687,86.6609,181,113.53340840000055,SCORE_LOW
BAJAJFINSV,2012-07-17,2012-09-13,66.235,73.9561,252,1871.1694511999995,SCORE_LOW
CUB,2012-06-27,2012-09-14,32.4017,33.0782,480,261.20985600000313,SCORE_LOW
CASTROLIND,2012-06-27,2012-09-21,79.4283,94.1899,195,2805.0438780000004,SCORE_LOW
APOLLOHOSP,2012-09-13,2012-09-21,641.8041,653.9324,29,275.86454159999994,SCORE_LOW
GLENMARK,2012-06-27,2012-10-01,347.7088,398.9271,44,2183.394030399999,SCORE_LOW
AJANTPHARM,2012-07-20,2012-10-09,58.171,61.9449,254,895.6345815999994,SCORE_LOW
GRANULES,2012-06-27,2012-10-30,10.8859,15.9638,1429,7165.070019200004,TRAILING_STOP_20
AKZOINDIA,2012-10-30,2012-11-02,622.2357,625.5906,32,27.281203200000164,SCORE_LOW
BALRAMCHIN,2012-09-21,2012-11-23,54.5564,50.597,339,-1410.8461319999951,SCORE_LOW
APLAPOLLO,2012-11-23,2012-12-03,16.1556,16.3869,1251,207.35625240000445,SCORE_LOW
ACC,2012-09-14,2012-12-10,1184.3322,1208.0485,13,245.49337800000103,SCORE_LOW
AMBUJACEM,2012-10-01,2012-12-13,172.6287,170.1979,100,-311.1591600000029,SCORE_LOW
ATUL,2012-06-27,2013-01-16,208.1209,341.2404,74,9749.8358416,TRAILING_STOP_20
ADANIPORTS,2013-01-16,2013-01-18,126.6558,123.5268,198,-717.3752256000007,SCORE_LOW
APARINDS,2012-12-13,2013-01-23,128.0912,121.3156,131,-951.1729743999986,SCORE_LOW
ALKYLAMINE,2012-12-10,2013-02-18,24.7339,24.8533,629,12.571697200002745,TRAILING_STOP_20
CONCOR,2013-02-18,2013-02-19,188.0738,187.3929,82,-117.29867120000017,SCORE_LOW
AARTIIND,2012-10-09,2013-02-20,18.222,18.8756,865,500.0544239999981,SCORE_LOW
BAJFINANCE,2012-09-21,2013-03-05,10.0381,12.0436,1886,3691.516081599999,SCORE_LOW
BAJAJHLDNG,2013-02-20,2013-03-12,777.5355,726.1944,20,-1084.9175520000008,SCORE_LOW
BAJAJ-AUTO,2012-11-02,2013-03-13,1364.4792,1362.7896,14,-99.97061759999997,SCORE_LOW
APLAPOLLO,2013-01-18,2013-03-19,16.5648,15.5197,1470,-1627.5528360000026,TRAILING_STOP_20
ASTRAL,2012-08-13,2013-03-21,21.6214,33.1692,740,8447.191168,SCORE_LOW
CANFINHOME,2013-03-12,2013-03-25,26.1822,22.7809,552,-1927.8178272000005,SCORE_LOW
APOLLOTYRE,2013-03-21,2013-04-03,70.1046,70.8653,350,167.03358000000298,SCORE_LOW
ALKYLAMINE,2013-03-25,2013-04-25,26.4312,25.5868,474,-448.75817280000047,SCORE_LOW
CHOLAFIN,2012-06-27,2013-04-29,31.5854,50.3084,492,9112.709068799997,SCORE_LOW
MINDACORP,2012-12-03,2013-05-30,7.1988,27.7602,2866,58610.7294672,SCORE_LOW
AXISBANK,2013-05-30,2013-06-10,270.612,255.983,109,-1706.1695880000007,SCORE_LOW
AJANTPHARM,2013-01-23,2013-06-13,78.0085,124.858,202,9362.713736000003,TRAILING_STOP_20
BERGEPAINT,2013-02-19,2013-08-01,54.7364,55.1993,280,67.78878399999849,TRAILING_STOP_20
AKZOINDIA,2013-03-19,2013-08-02,660.4759,646.7505,34,-554.6216679999998,SCORE_LOW
ASIANPAINT,2013-03-13,2013-08-06,429.161,394.862,44,-1578.651711999999,SCORE_LOW
CERA,2012-08-14,2013-08-20,295.9422,474.6805,52,9195.658055999998,REGIME_BEAR
APLLTD,2013-03-05,2013-08-20,79.782,120.7393,290,11737.559411999995,REGIME_BEAR
DABUR,2013-04-03,2013-08-20,126.7999,138.6135,194,2184.274323999998,REGIME_BEAR
GODREJCP,2013-04-25,2013-08-20,266.7239,249.2338,45,-831.9165840000005,REGIME_BEAR
APOLLOHOSP,2013-04-29,2013-08-20,784.6811,791.3389,31,108.2657763999996,REGIME_BEAR
ASTRAL,2013-06-10,2013-08-20,51.7758,44.6981,571,-4143.4571603999975,REGIME_BEAR
CRISIL,2013-06-14,2013-08-20,956.4179,964.1019,29,111.00017959999968,REGIME_BEAR
MARICO,2013-09-20,2013-10-01,91.6185,89.2613,298,-808.8450695999964,SCORE_LOW
GLAXO,2013-09-20,2013-10-10,958.929,968.3604,28,155.62283520000346,SCORE_LOW
EICHERMOT,2013-09-20,2013-10-30,319.3169,357.7599,85,3146.016634000007,SCORE_LOW
BATAINDIA,2013-10-30,2013-10-31,402.6362,414.5884,72,741.1569408000032,SCORE_LOW
BAJAJ-AUTO,2013-09-20,2013-11-21,1467.5082,1423.6106,18,-892.6567632000006,SCORE_LOW
BHARTIARTL,2013-09-20,2013-11-28,289.5229,272.1952,94,-1731.1491951999997,SCORE_LOW
HEROMOTOCO,2013-09-20,2013-12-30,1352.389,1411.4896,20,1069.092832000002,SCORE_LOW
GESHIP,2013-09-20,2014-01-16,181.2678,201.4385,151,2924.1068460000024,SCORE_LOW
UNOMINDA,2013-11-28,2014-01-27,6.8846,5.6816,3690,-4522.930415999996,TRAILING_STOP_20
AXISBANK,2014-01-16,2014-01-28,225.361,214.9375,134,-1511.9555,SCORE_LOW
TRIDENT,2013-10-10,2014-01-30,0.926,1.0482,30571,3607.598111199997,TRAILING_STOP_20
ADANIPORTS,2014-01-27,2014-01-30,135.4262,133.2624,153,-412.6179887999933,SCORE_LOW
BANKBARODA,2014-01-28,2014-01-30,96.4936,90.3629,297,-1928.1690252000008,SCORE_LOW
ADANIENT,2013-11-21,2014-02-10,34.0954,31.3714,783,-2231.1472247999955,TRAILING_STOP_20
ASIANPAINT,2014-02-10,2014-02-12,440.6167,431.8857,55,-575.2198540000027,SCORE_LOW
ECLERX,2013-09-20,2014-03-18,400.8844,533.9094,68,8900.4766432,SCORE_LOW
AJANTPHARM,2013-09-20,2014-03-24,182.3849,235.5795,150,7837.8423000000075,SCORE_LOW
BATAINDIA,2014-01-30,2014-03-28,418.1265,511.182,82,7462.883304000003,SCORE_LOW
3MINDIA,2014-02-12,2014-04-03,3414.0837,3381.5686,6,-276.24824640000224,SCORE_LOW
ALKYLAMINE,2013-09-20,2014-04-22,25.65,50.0883,1067,25861.889235599996,SCORE_LOW
BAJFINANCE,2014-01-30,2014-05-16,14.3434,16.9563,2395,6095.454145999996,SCORE_LOW
APLLTD,2013-10-31,2014-05-19,175.5408,205.7366,168,4934.6394048000075,TRAILING_STOP_20
APOLLOTYRE,2013-12-30,2014-07-11,86.261,144.2649,324,18606.296289600003,TRAILING_STOP_20
ADANIENT,2014-03-28,2014-07-11,50.3471,59.6581,766,6949.433581600002,TRAILING_STOP_20
ACC,2014-05-16,2014-07-18,1254.4006,1281.6348,34,751.660467200003,SCORE_LOW
CANFINHOME,2014-03-18,2014-08-11,31.4651,63.4929,1203,38223.915565200004,TRAILING_STOP_20
CGPOWER,2014-07-11,2014-08-21,57.6331,68.2154,675,6958.8709200000085,SCORE_LOW
ACE,2014-07-11,2014-09-30,27.2646,31.5434,1941,8060.247842399993,SCORE_LOW
ASIANPAINT,2014-09-30,2014-11-12,575.5839,588.7951,113,1226.7302148000017,SCORE_LOW
AARTIIND,2014-08-11,2014-12-29,57.7569,60.8039,973,2728.0822211999985,SCORE_LOW
AIAENG,2014-04-03,2015-01-20,493.4683,976.8329,46,22055.034346400003,SCORE_LOW
APARINDS,2014-05-19,2015-01-22,155.9326,333.5902,274,48312.5675408,SCORE_LOW
SONATSOFTW,2014-08-21,2015-01-22,24.249,32.0918,2509,19355.511895200005,SCORE_LOW
MINDACORP,2014-07-18,2015-01-23,31.1321,73.2784,1388,58092.2227232,TRAILING_STOP_20
3MINDIA,2014-11-12,2015-01-29,5848.1162,6457.9136,11,6423.623201599999,SCORE_LOW
ABB,2015-01-23,2015-02-03,1126.7112,1098.6824,73,-2366.917660799998,SCORE_LOW
AIAENG,2015-01-22,2015-02-12,1079.1245,949.9482,77,-10239.159145599988,SCORE_LOW
AARTIIND,2015-02-12,2015-02-16,70.3184,65.5381,1067,-5380.296710799987,SCORE_LOW
AUROPHARMA,2013-10-03,2015-02-20,99.07,499.7766,278,110840.68322079998,SCORE_LOW
TITAGARH,2015-02-20,2015-03-19,127.6955,122.9296,649,-3412.1943415999995,TRAILING_STOP_20
ASIANPAINT,2015-03-19,2015-04-29,763.2395,689.7316,106,-8084.283598399998,SCORE_LOW
KEI,2014-04-22,2015-05-06,20.1192,63.56,2116,91382.76095999999,TRAILING_STOP_20
AMBUJACEM,2015-01-22,2015-05-06,214.0394,194.9564,392,-7786.22763519999,SCORE_LOW
ABBOTINDIA,2015-02-03,2015-05-18,3546.4741,3373.2612,24,-4480.9426752000145,SCORE_LOW
ADANIPORTS,2015-05-04,2015-05-25,327.8846,324.8495,259,-1122.6349819999887,SCORE_LOW
BAYERCROP,2014-12-29,2015-06-01,2618.0112,3063.4382,23,9962.984685600008,SCORE_LOW
ADANIENT,2015-01-29,2015-06-01,84.2494,91.4194,1005,6838.344012000001,TRAILING_STOP_20
AXISBANK,2015-01-20,2015-06-16,533.7667,533.5247,84,-199.5922991999978,SCORE_LOW
ABB,2015-02-16,2015-06-24,1253.0355,1151.4344,55,-5841.3760679999905,SCORE_LOW
BHARATFORG,2014-01-30,2015-06-26,150.7371,514.5279,66,23874.3574344,SCORE_LOW
APLAPOLLO,2015-05-11,2015-08-12,40.3044,39.377,2021,-2192.599067999996,SCORE_LOW
ABREL,2015-06-26,2015-08-13,655.5594,627.3215,81,-2490.5220659999977,SCORE_LOW
SAREGAMA,2015-06-01,2015-08-20,17.0207,33.8571,4892,81701.15306719998,TRAILING_STOP_20
AKZOINDIA,2015-08-14,2015-08-24,1059.249,943.0364,23,-2759.6491487999992,SCORE_LOW
ASAHIINDIA,2014-03-24,2015-09-04,56.5445,137.8664,645,52096.930188,REGIME_BEAR
ABFRL,2015-05-11,2015-09-04,176.5894,182.7501,461,2503.0915155999974,REGIME_BEAR
APLLTD,2015-05-18,2015-09-04,454.0547,606.7558,184,27650.430131200003,REGIME_BEAR
BRITANNIA,2015-05-25,2015-09-04,1089.0673,1305.3413,78,16462.1055144,REGIME_BEAR
3MINDIA,2015-06-01,2015-09-04,8276.0176,9739.1514,10,14241.771944000022,REGIME_BEAR
BAJAJFINSV,2015-06-22,2015-09-04,150.8082,181.981,549,16714.23692400001,REGIME_BEAR
AARTIIND,2015-06-24,2015-09-04,78.7589,93.4346,1048,14988.455756800002,REGIME_BEAR
ADANIPORTS,2015-08-14,2015-09-04,344.602,321.4864,305,-7442.471407999983,REGIME_BEAR
ASIANPAINT,2016-07-01,2016-07-05,929.1947,913.0671,103,-2037.3264452000149,SCORE_LOW
BSOFT,2016-07-01,2016-07-08,82.3695,78.1764,1165,-5249.263524000009,SCORE_LOW
AARTIIND,2016-07-05,2016-07-15,127.0835,126.1979,744,-1034.4513503999915,SCORE_LOW
AJANTPHARM,2016-07-08,2016-07-22,991.9708,978.6772,95,-1634.7893360000016,SCORE_LOW
ALKYLAMINE,2016-07-01,2016-07-27,140.5556,133.1451,682,-5417.18083279999,SCORE_LOW
AARTIIND,2016-07-22,2016-07-27,130.2479,131.4877,746,532.5315031999926,SCORE_LOW
ASTRAL,2016-07-01,2016-08-19,215.1893,211.7697,446,-1902.9387448000052,SCORE_LOW
3MINDIA,2016-07-01,2016-08-23,12342.0283,12263.4355,7,-893.5257939999865,SCORE_LOW
CHAMBLFERT,2016-07-01,2016-09-01,55.9222,53.058,1716,-5279.157311999981,SCORE_LOW
ATUL,2016-07-27,2016-09-16,1862.4194,2106.6868,53,12499.554598400005,SCORE_LOW
BOSCHLTD,2016-07-01,2016-09-23,20526.3691,21119.7852,4,2035.747836800001,SCORE_LOW
ACC,2016-09-01,2016-09-23,1542.1747,1477.7021,58,-4082.2376872000023,SCORE_LOW
APLAPOLLO,2016-07-15,2016-09-27,90.063,85.5598,1071,-5189.465383200004,SCORE_LOW
COALINDIA,2016-08-19,2016-10-14,154.8425,145.0649,611,-6328.652215600014,SCORE_LOW
AMBUJACEM,2016-07-27,2016-10-24,231.7985,215.252,426,-7415.598407999991,SCORE_LOW
BAJFINANCE,2016-07-01,2016-11-09,79.2736,90.2601,1210,12856.806115999992,TRAILING_STOP_20
3MINDIA,2016-11-09,2016-11-10,11816.0742,11937.4023,8,588.6279264000041,SCORE_LOW
CENTURYPLY,2016-07-01,2016-11-11,198.0859,198.3768,484,-243.26188480001292,TRAILING_STOP_20
CANFINHOME,2016-07-01,2016-11-15,226.9563,236.4732,422,3616.9650383999833,TRAILING_STOP_20
AKZOINDIA,2016-09-16,2016-11-15,1264.6963,1177.0829,80,-7385.738527999987,SCORE_LOW
BASF,2016-10-14,2016-11-15,1181.6002,1047.4308,76,-10515.293363200006,SCORE_LOW
AJANTPHARM,2016-09-23,2016-12-26,1243.4847,1030.5527,62,-13457.361069600003,SCORE_LOW
ATUL,2016-09-27,2017-01-04,2227.5654,1978.1807,40,-10291.896911999997,SCORE_LOW
BBTC,2017-01-05,2017-01-18,519.1777,531.9817,181,1932.3692492000264,SCORE_LOW
ABREL,2016-11-11,2017-01-24,775.7964,801.3775,121,2707.446390000012,SCORE_LOW
BAYERCROP,2016-11-30,2017-02-06,3478.0381,3570.0542,26,2021.1329631999834,SCORE_LOW
ATUL,2017-01-18,2017-02-10,2180.4019,2222.4961,43,1427.7812707999983,SCORE_LOW
AARTIIND,2016-09-23,2017-03-03,147.7819,175.1634,693,18489.826555199994,SCORE_LOW
ADANIPORTS,2016-10-24,2017-03-06,271.8395,288.4934,335,5192.475344000006,SCORE_LOW
ACE,2017-01-24,2017-03-10,44.6935,51.3398,2112,13603.26696959998,SCORE_LOW
ASAHIINDIA,2017-03-10,2017-03-20,206.4342,204.0641,521,-1660.0916844000021,SCORE_LOW
AARTIIND,2017-03-20,2017-03-28,186.7347,180.1107,565,-4149.610182000004,SCORE_LOW
AIAENG,2016-08-23,2017-05-17,1142.332,1414.8268,74,19745.82646719998,SCORE_LOW
ALKEM,2017-02-10,2017-05-17,1674.3375,1740.746,56,3328.9488960000017,SCORE_LOW
OLECTRA,2017-02-06,2017-05-24,40.0415,81.0316,2389,97151.0109304,TRAILING_STOP_20
BALRAMCHIN,2017-03-03,2017-05-29,137.9744,143.3834,790,3820.0184560000052,SCORE_LOW
ADANIPORTS,2017-05-24,2017-05-29,323.2287,311.9516,370,-4634.215368000019,SCORE_LOW
BHEL,2017-05-29,2017-05-31,94.6181,85.2705,1280,-12401.512960000007,SCORE_LOW
BPCL,2017-05-29,2017-06-02,144.6914,138.9313,837,-5286.345692399991,SCORE_LOW
APARINDS,2016-11-10,2017-06-23,509.1315,668.9243,194,30480.717943200012,SCORE_LOW
BAJAJFINSV,2016-11-30,2017-07-07,297.852,410.1827,313,34645.96035960001,SCORE_LOW
BBTC,2017-03-06,2017-07-17,784.2678,857.052,138,9571.126896000016,SCORE_LOW
ABFRL,2017-07-17,2017-07-28,178.1666,165.5988,709,-9380.208396799993,SCORE_LOW
ANANTRAJ,2017-05-17,2017-08-09,27.8696,22.2077,4677,-26896.167951599986,TRAILING_STOP_20
ABB,2017-03-28,2017-08-10,1041.3453,1176.7614,97,12678.778276800003,SCORE_LOW
BANKINDIA,2017-07-28,2017-08-11,142.6211,125.7439,875,-15207.653650000022,SCORE_LOW
ADANIENT,2017-08-10,2017-08-14,62.156,62.5852,1890,338.0438880000147,SCORE_LOW
BALKRISIND,2016-11-30,2017-08-18,456.076,687.3309,204,46615.13758560001,SCORE_LOW
AARTIIND,2017-06-02,2017-08-24,212.534,198.7783,574,-8352.16677679999,SCORE_LOW
ABREL,2017-08-09,2017-08-30,1195.8832,1168.5,102,-3269.834400000007,SCORE_LOW
ACC,2017-07-07,2017-09-15,1476.9502,1681.637,83,16430.700915999987,SCORE_LOW
OLECTRA,2017-08-18,2017-09-22,130.2597,166.1572,925,32590.40586,TRAILING_STOP_20
3MINDIA,2017-06-23,2017-10-06,12757.8037,13454.2305,9,5783.488901999997,SCORE_LOW
CHAMBLFERT,2017-01-05,2017-11-14,68.2409,116.2664,791,37620.3036104,SCORE_LOW
AUROPHARMA,2017-09-22,2017-11-14,690.5939,668.995,191,-4636.502079999991,SCORE_LOW
BEML,2017-08-11,2017-11-16,609.1789,640.9066,192,5599.502131200003,SCORE_LOW
ACC,2017-10-06,2017-11-20,1606.7312,1576.6674,86,-3127.8603855999827,SCORE_LOW
ADANIPORTS,2017-05-31,2017-11-27,322.6101,381.4381,375,21488.34285,SCORE_LOW
BAJFINANCE,2017-05-17,2017-12-06,128.6945,162.7881,545,18226.133941999986,SCORE_LOW
BAJAJFINSV,2017-12-06,2017-12-11,494.7675,508.8842,178,2150.447049600014,SCORE_LOW
ASAHIINDIA,2017-08-14,2018-01-04,291.6555,355.2383,414,25735.0045752,SCORE_LOW
BLUESTARCO,2017-08-30,2018-01-08,349.5789,377.9795,366,9841.257612000016,SCORE_LOW
ABREL,2017-12-11,2018-01-18,1314.3043,1329.6774,68,683.6985472000088,SCORE_LOW
BBTC,2017-11-20,2018-01-31,1479.5122,1364.6799,91,-10946.48278359999,TRAILING_STOP_20
ASTRAL,2017-11-16,2018-02-01,353.0038,352.716,345,-586.0390800000023,SCORE_LOW
GRAPHITE,2017-09-15,2018-02-02,256.5886,540.4899,537,151294.02579480002,TRAILING_STOP_20
ADANIPOWER,2018-01-18,2018-02-02,7.39,6.54,12420,-10881.907200000001,SCORE_LOW
AUBANK,2018-01-31,2018-02-08,326.0192,299.6516,377,-10392.459812800022,SCORE_LOW
APLAPOLLO,2017-08-24,2018-02-20,140.9508,194.5459,872,46056.35110079999,TRAILING_STOP_20
ADANIENT,2018-01-04,2018-03-07,98.3444,92.389,1490,-9424.184440000012,TRAILING_STOP_20
ABB,2018-02-01,2018-03-15,1491.5204,1204.3909,81,-23647.71215159999,SCORE_LOW
ALKEM,2017-11-27,2018-04-02,1818.8888,1769.6713,78,-4391.102445600001,SCORE_LOW
ADANIENT,2018-03-07,2018-05-02,92.389,81.749,1648,-18073.60940799999,SCORE_LOW
ALKYLAMINE,2018-05-02,2018-05-08,257.0764,245.7803,520,-6385.195024000001,SCORE_LOW
3MINDIA,2017-11-14,2018-05-21,14051.0684,17884.9219,10,37623.13812399999,SCORE_LOW
APOLLOTYRE,2018-02-08,2018-05-21,238.5403,244.0672,650,2957.910280000011,SCORE_LOW
ALKYLAMINE,2018-05-21,2018-05-22,266.455,259.2977,559,-4580.720357199985,SCORE_LOW
COALINDIA,2018-02-20,2018-05-23,152.9008,144.1003,1014,-9508.177816799987,SCORE_LOW
ACE,2017-11-14,2018-06-04,110.281,142.8816,768,24598.32852479999,SCORE_LOW
AIAENG,2018-06-04,2018-06-08,1490.6417,1481.2977,89,-1358.9579811999865,SCORE_LOW
ASHOKLEY,2018-02-02,2018-06-21,52.3242,57.8005,2915,15289.460669999971,SCORE_LOW
3MINDIA,2018-06-08,2018-06-25,17599.4844,18427.7402,7,5281.813874399988,SCORE_LOW
AARTIIND,2018-02-02,2018-07-02,257.8105,283.9592,591,14782.6021512,SCORE_LOW
CUB,2018-07-02,2018-07-13,161.1832,168.5393,975,6514.894230000005,SCORE_LOW
AUBANK,2018-07-13,2018-07-24,315.9389,318.2727,517,548.3866563999909,SCORE_LOW
IEX,2018-06-25,2018-07-25,48.2963,47.5397,3068,-2904.655998400005,SCORE_LOW
ASIANPAINT,2018-06-21,2018-09-19,1180.244,1216.3672,132,4126.020518400008,SCORE_LOW
BAJFINANCE,2018-05-21,2018-09-21,205.0567,232.1359,726,18985.376546399988,TRAILING_STOP_20
BSOFT,2018-05-08,2018-09-26,142.8214,137.5108,888,-5204.2511616000265,TRAILING_STOP_20
BRITANNIA,2018-03-15,2018-09-27,2153.7446,2531.4387,53,19481.122295599984,SCORE_LOW
ADANIENT,2018-07-25,2018-09-28,126.2244,128.9858,1290,2896.6392720000003,TRAILING_STOP_20
BAJAJFINSV,2018-05-22,2018-10-01,595.1382,586.3441,253,-2818.2875291999953,SCORE_LOW
ASTRAL,2018-04-02,2018-10-04,410.1903,390.4132,336,-7169.820940799982,TRAILING_STOP_20
CARBORUNIV,2018-09-26,2018-10-05,368.5603,320.2947,331,-16399.9837828,SCORE_LOW
AIAENG,2018-09-19,2018-10-09,1721.5597,1464.2866,92,-24207.982668800018,SCORE_LOW
ACC,2018-09-27,2018-10-11,1457.5001,1339.4531,91,-11229.837928399997,SCORE_LOW
3MINDIA,2018-07-24,2018-10-23,22006.625,18001.5605,7,-28539.495194000003,TRAILING_STOP_20
ABBOTINDIA,2018-01-08,2018-10-29,4827.4141,6476.7021,28,45454.67336480002,REGIME_BEAR
ASTRAZEN,2018-05-23,2018-10-29,1163.7802,1672.6416,129,64780.037534400006,REGIME_BEAR
APLLTD,2018-09-21,2018-10-29,597.2258,529.7669,280,-19481.83092800004,REGIME_BEAR
ABFRL,2018-09-28,2018-10-29,180.8773,176.9837,870,-4003.335275999998,REGIME_BEAR
ATUL,2018-10-01,2018-10-29,3059.1978,3197.938,50,6297.42240000001,REGIME_BEAR
RBLBANK,2018-12-13,2019-01-08,564.3875,548.2787,260,-4758.497847999999,SCORE_LOW
GILLETTE,2018-12-13,2019-02-01,5791.0205,5795.2979,25,-472.59479000000283,SCORE_LOW
LTTS,2018-12-13,2019-02-01,1475.2123,1475.2588,99,-579.5989847999881,SCORE_LOW
BAJAJFINSV,2019-02-01,2019-02-05,607.7867,599.8268,241,-2496.56893519999,SCORE_LOW
ADANIENT,2019-02-01,2019-02-11,141.2325,116.739,1038,-25908.95332799999,SCORE_LOW
ABBOTINDIA,2019-01-08,2019-02-18,7061.5142,6617.1211,20,-9417.23168799997,SCORE_LOW
AARTIIND,2019-02-05,2019-02-19,399.3362,314.7845,365,-31320.95587000002,TRAILING_STOP_20
APOLLOHOSP,2019-02-11,2019-02-19,1099.1954,1093.8068,110,-1074.0209920000052,SCORE_LOW
SCHAEFFLER,2018-12-13,2019-02-22,1021.7278,983.8282,143,-5982.392530400015,SCORE_LOW
CHAMBLFERT,2019-02-25,2019-04-05,134.2273,136.8807,696,1465.6905311999872,SCORE_LOW
EIHOTEL,2018-12-13,2019-04-09,192.4982,187.8737,763,-4101.884032399976,SCORE_LOW
BLUESTARCO,2019-04-05,2019-04-09,327.1359,322.9069,289,-1595.461376399995,SCORE_LOW
AIAENG,2019-04-09,2019-04-12,1698.6071,1699.5173,89,-524.020358800015,SCORE_LOW
ABFRL,2018-12-13,2019-04-26,195.8107,207.2942,750,7990.742399999988,SCORE_LOW
3MINDIA,2019-02-25,2019-04-30,21969.373,21298.959,6,-4533.65901600002,SCORE_LOW
AUROPHARMA,2019-04-26,2019-05-03,798.2194,748.1837,191,-10128.43104679996,SCORE_LOW
BANDHANBNK,2019-05-03,2019-05-06,602.7563,584.6494,235,-4804.691936000017,SCORE_LOW
COFORGE,2019-05-06,2019-05-27,231.9218,235.0428,588,1282.3273343999754,SCORE_LOW
AARTIIND,2019-05-27,2019-06-19,443.1798,407.036,309,-11671.530696000002,SCORE_LOW
CGCL,2018-12-13,2019-07-10,129.1335,146.8133,1138,19451.318258399988,TRAILING_STOP_20
BATAINDIA,2019-02-25,2019-07-10,1224.8129,1277.158,114,5384.957351999998,SCORE_LOW
TITAN,2018-12-13,2019-07-12,921.9401,1075.2957,159,23699.65233479999,SCORE_LOW
MAHSCOOTER,2018-12-13,2019-08-05,2773.4861,3296.4822,52,26510.12890239997,TRAILING_STOP_20
BALRAMCHIN,2019-02-25,2019-08-05,121.8781,120.5203,1147,-2110.3437363999838,TRAILING_STOP_20
APLAPOLLO,2019-04-30,2019-08-06,155.0256,131.7312,833,-19843.16355839999,SCORE_LOW
CREDITACC,2019-04-09,2019-08-16,539.0753,511.3949,155,-4607.526838000005,SCORE_LOW
ATUL,2019-06-19,2019-09-11,3875.7205,3601.6545,32,-9231.123775999993,SCORE_LOW
IPCALAB,2018-12-13,2019-09-20,391.4745,467.6118,375,27850.069800000027,SCORE_LOW
AUBANK,2019-07-10,2019-09-26,326.3252,325.4972,467,-994.7047696000081,SCORE_LOW
ADANIENT,2019-09-20,2019-09-30,147.6915,144.4722,1002,-3804.7831776000094,SCORE_LOW
AARTIIND,2019-09-20,2019-10-03,398.1892,367.2915,371,-12008.107286000013,SCORE_LOW
ASTRAL,2019-09-20,2019-11-06,672.7856,584.3664,110,-9983.233216000015,SCORE_LOW
ADANIPOWER,2019-09-20,2019-11-15,12.77,12.17,11597,-7522.741960000014,SCORE_LOW
APOLLOHOSP,2019-09-20,2019-11-28,1445.4064,1420.9611,102,-3073.172728800011,SCORE_LOW
BANDHANBNK,2019-11-28,2019-12-11,567.7394,501.4334,255,-17419.492068000007,SCORE_LOW
AKZOINDIA,2019-09-26,2019-12-24,1640.1553,1605.4962,92,-3779.4598015999654,SCORE_LOW
ASIANPAINT,2019-09-20,2020-01-03,1586.2632,1665.6617,93,6764.434347600007,SCORE_LOW
ADANIGREEN,2019-07-10,2020-01-16,49.1,179.7,3109,403800.65079999994,TRAILING_STOP_20
ABCAPITAL,2020-01-03,2020-01-24,107.75,105.35,1427,-4026.137800000026,SCORE_LOW
AFFLE,2019-12-24,2020-02-28,309.53,359.78,473,23087.546239999996,TRAILING_STOP_20
ADANIENT,2020-01-24,2020-03-09,227.5796,197.8135,889,-27165.487705999985,TRAILING_STOP_20
CREDITACC,2019-10-03,2020-03-12,664.481,775.1038,203,21827.044114399963,TRAILING_STOP_20
ASTRAZEN,2019-11-15,2020-03-12,2583.7991,2219.2585,54,-20164.552236000003,TRAILING_STOP_20
COFORGE,2019-12-11,2020-03-12,275.4868,268.2074,461,-3850.3778456,TRAILING_STOP_20
AAVAS,2019-04-12,2020-03-13,1167.35,1782.3,128,77801.0624,REGIME_BEAR
ABBOTINDIA,2019-07-12,2020-03-13,8104.7026,13738.793,18,100424.43410400001,REGIME_BEAR
BERGEPAINT,2019-09-30,2020-03-13,351.8418,372.0248,408,7627.519526400021,REGIME_BEAR
ALKEM,2019-11-06,2020-03-13,1921.3643,2271.9958,33,11270.936054400016,REGIME_BEAR
APLLTD,2020-01-16,2020-03-13,538.4052,529.6417,373,-4059.0109164000314,REGIME_BEAR
EMAMILTD,2020-11-20,2020-12-23,359.2006,381.0499,538,10934.904015200009,SCORE_LOW
ASAHIINDIA,2020-12-23,2021-01-01,246.9485,273.8506,832,21471.172403199977,SCORE_LOW
BLUESTARCO,2020-11-20,2021-01-06,361.1121,391.4935,535,15416.25291000001,SCORE_LOW
CUB,2020-11-20,2021-01-06,176.4438,176.299,1095,-930.7456200000015,SCORE_LOW
ADANIGREEN,2020-11-20,2021-01-12,1134.55,924.15,170,-36396.42199999999,TRAILING_STOP_20
CYIENT,2020-11-20,2021-01-19,409.8376,433.6696,471,10407.838473600015,SCORE_LOW
AFFLE,2020-11-20,2021-01-21,629.2,746.99,307,35244.22627999997,SCORE_LOW
CHOLAHLDNG,2020-11-20,2021-01-25,482.7381,542.6879,400,23111.61936000001,SCORE_LOW
APOLLOHOSP,2021-01-25,2021-02-04,2652.2217,2696.3945,84,2804.52664799997,SCORE_LOW
TTML,2021-01-21,2021-02-12,13.55,17.0,16322,55201.003999999986,TRAILING_STOP_20
WOCKPHARMA,2020-11-20,2021-03-18,362.557,400.9052,533,19584.860713599977,TRAILING_STOP_20
ADANIGREEN,2021-02-12,2021-03-30,1068.95,1157.65,233,19588.170200000022,SCORE_LOW
J&KBANK,2021-01-12,2021-04-06,26.5558,24.6453,5905,-11863.624486000044,SCORE_LOW
ADANIPOWER,2021-03-18,2021-06-17,17.85,24.18,13347,83195.58815999998,TRAILING_STOP_20
ADANIPORTS,2021-04-06,2021-06-17,811.0829,627.9571,178,-33043.49785520001,TRAILING_STOP_20
ATGL,2020-11-20,2021-06-18,344.7998,1256.809,560,507909.89983999997,TRAILING_STOP_20
360ONE,2021-06-17,2021-06-21,249.541,247.7662,1506,-4165.3923887999845,SCORE_LOW
ADANIPORTS,2021-06-17,2021-07-06,627.9571,696.6771,88,5802.1296607999975,SCORE_LOW
3MINDIA,2021-07-06,2021-07-12,22917.7441,22528.8203,16,-7664.625299200008,SCORE_LOW
JPPOWER,2021-06-18,2021-07-27,5.85,5.15,64294,-46330.256399999955,TRAILING_STOP_20
AAVAS,2021-01-06,2021-08-03,1910.3,2449.3999,115,60869.76454599999,SCORE_LOW
IOB,2021-06-21,2021-08-05,23.6,22.3,16149,-22434.19080000004,TRAILING_STOP_20
ANANTRAJ,2020-11-20,2021-08-17,21.2761,58.5392,9089,336556.06474480004,SCORE_LOW
SARDAEN,2021-07-27,2021-08-26,74.6609,65.3954,4511,-42976.665097600024,TRAILING_STOP_20
CENTURYPLY,2021-01-01,2021-09-03,245.0691,393.936,894,131678.293464,SCORE_LOW
AARTIIND,2021-08-03,2021-09-03,961.1165,900.0642,290,-18749.241471999965,SCORE_LOW
ATGL,2021-08-26,2021-09-07,1302.4469,1332.7631,285,7120.767065999971,SCORE_LOW
ADANIENT,2021-02-04,2021-09-17,588.2711,1477.6133,382,337470.9272776,SCORE_LOW
ZENTEC,2021-09-03,2021-09-21,153.3829,177.0186,1847,42347.32448319998,TRAILING_STOP_20
ALKYLAMINE,2021-01-06,2021-09-22,1997.4703,3838.8376,93,169819.11131279997,SCORE_LOW
ASTRAL,2021-03-30,2021-09-27,1182.7024,1564.7292,226,84923.54160320002,SCORE_LOW
ABB,2021-01-19,2021-10-07,1361.0388,1837.5598,148,69437.27259839998,SCORE_LOW
ANANTRAJ,2021-09-21,2021-10-13,65.0271,72.864,5955,44933.11902000004,SCORE_LOW
AAVAS,2021-10-13,2021-10-20,2853.6001,2706.3501,150,-23711.31005999999,SCORE_LOW
APLAPOLLO,2021-09-07,2021-10-21,870.4532,811.887,432,-26703.539136000094,SCORE_LOW
APOLLOHOSP,2021-08-17,2021-10-22,4856.9941,3978.834,79,-70631.95944399998,TRAILING_STOP_20
TEJASNET,2021-08-05,2021-10-25,310.5836,418.2964,1152,122157.63578880002,TRAILING_STOP_20
DBREALTY,2021-10-20,2021-10-28,44.5,36.7,9104,-72347.66719999997,TRAILING_STOP_20
IRB,2021-10-22,2021-10-29,28.6758,22.1222,10913,-72485.11507439998,TRAILING_STOP_20
ANGELONE,2021-10-21,2021-11-23,1204.3796,995.6063,288,-61273.6488576,SCORE_LOW
ABBOTINDIA,2021-07-12,2021-12-01,16126.2383,17925.0645,22,37996.770724,SCORE_LOW
TRIDENT,2021-09-03,2021-12-03,22.4402,42.6679,17412,349232.9785008001,TRAILING_STOP_20
360ONE,2021-09-17,2021-12-13,372.7793,332.731,1067,-44151.632007999986,SCORE_LOW
ANANTRAJ,2021-12-13,2021-12-15,78.8658,73.2608,5986,-35305.68659519992,SCORE_LOW
ABREL,2021-12-15,2021-12-17,852.2635,817.7824,568,-21443.266412799945,SCORE_LOW
APOLLOHOSP,2021-10-25,2021-12-28,4112.7651,4784.5967,99,64616.628106800024,SCORE_LOW
APARINDS,2021-12-17,2022-02-07,702.6951,629.3367,649,-49243.3596732,TRAILING_STOP_20
OLECTRA,2021-09-22,2022-02-21,425.8278,717.6514,918,265258.84885919996,TRAILING_STOP_20
ASAHIINDIA,2021-10-28,2022-02-22,412.7643,462.6676,974,46803.26123040001,TRAILING_STOP_20
DBREALTY,2022-02-07,2022-02-22,105.15,97.35,4576,-37474.69440000004,TRAILING_STOP_20
ABFRL,2021-10-07,2022-02-24,258.9,250.8,1107,-10077.24239999993,TRAILING_STOP_20
CDSL,2021-12-03,2022-02-24,729.5684,619.2694,634,-71500.0331984,TRAILING_STOP_20
AAVAS,2022-02-22,2022-03-10,3037.95,2558.3501,148,-72495.32845919998,SCORE_LOW
BEML,2022-02-21,2022-03-11,630.4042,607.8657,731,-18253.04280679999,SCORE_LOW
ABB,2021-10-29,2022-03-22,2081.4548,2039.4799,115,-5765.274253999989,SCORE_LOW
APOLLOHOSP,2022-03-22,2022-03-25,4620.0464,4625.5776,50,-648.5555200000235,SCORE_LOW
BAJAJHLDNG,2021-12-01,2022-04-18,4913.8218,4930.8276,79,-214.6833216000232,SCORE_LOW
ANGELONE,2022-03-17,2022-05-06,1498.2203,1349.7433,208,-32006.20242559997,TRAILING_STOP_20
BSE,2021-09-27,2022-05-09,133.4801,247.6089,2977,336812.9108188001,TRAILING_STOP_20
BALRAMCHIN,2022-02-22,2022-05-09,386.6877,395.2051,1163,8067.242074800015,TRAILING_STOP_20
ATUL,2022-03-25,2022-05-10,9977.5,8171.9395,23,-42279.709933999984,TRAILING_STOP_20
DEEPAKFERT,2022-04-18,2022-05-11,680.915,525.1375,571,-90148.36654999998,TRAILING_STOP_20
ADANIGREEN,2021-11-23,2022-05-13,1407.05,2171.55,202,152674.38760000007,TRAILING_STOP_20
360ONE,2022-03-17,2022-05-13,354.7115,332.5256,1324,-31135.187177600048,TRAILING_STOP_20
AMBER,2022-03-17,2022-05-16,3698.3,2703.6001,127,-127700.31615079998,TRAILING_STOP_20
ADANIPOWER,2021-12-28,2022-06-13,20.2,53.24,22306,732239.9542399999,TRAILING_STOP_20
ADANIENT,2022-03-17,2022-06-16,1816.4088,2079.2896,258,65677.4195328001,REGIME_BEAR
ACC,2022-09-21,2022-09-27,2501.0762,2345.2036,194,-32059.16239359998,SCORE_LOW
DBREALTY,2022-09-21,2022-09-29,125.85,103.05,3872,-89877.6384,TRAILING_STOP_20
AWL,2022-09-21,2022-09-29,781.8,745.85,623,-24255.508199999982,SCORE_LOW
BRITANNIA,2022-09-21,2022-10-25,3607.3308,3556.9902,135,-8716.755707999982,SCORE_LOW
ASIANPAINT,2022-09-30,2022-10-31,3237.481,3014.4473,125,-29386.436150000023,SCORE_LOW
APOLLOHOSP,2022-09-21,2022-11-03,4560.5874,4352.8022,106,-23870.81933280005,SCORE_LOW
360ONE,2022-10-25,2022-11-14,410.7154,413.4049,1104,1143.6119615999633,SCORE_LOW
AIAENG,2022-09-27,2022-11-15,2475.1599,2639.9666,184,28381.417382400017,SCORE_LOW
ABB,2022-11-14,2022-12-02,2977.7532,2931.3918,152,-8829.219014400034,SCORE_LOW
360ONE,2022-12-02,2022-12-08,423.4382,420.2115,1045,-5128.385569999984,SCORE_LOW
ABFRL,2022-10-31,2022-12-22,353.9,292.4,1123,-70377.9608,SCORE_LOW
CENTRALBK,2022-09-21,2022-12-23,21.2576,28.8006,22924,170274.83218239987,TRAILING_STOP_20
ANANTRAJ,2022-09-30,2022-12-23,96.5026,89.3929,4714,-35200.71832240006,TRAILING_STOP_20
ADANIPORTS,2022-09-21,2022-12-26,918.244,793.3868,530,-67856.29601599998,SCORE_LOW
3MINDIA,2022-12-22,2022-12-28,21777.623,21275.5996,14,-8219.761177600012,SCORE_LOW
ATGL,2022-12-28,2023-01-02,3602.1187,3546.9749,113,-7834.48205479997,SCORE_LOW
BAJAJHLDNG,2023-01-02,2023-01-17,5427.8833,5511.6182,73,4503.255185599963,SCORE_LOW
ACE,2022-12-26,2023-01-19,286.5163,314.1778,1650,43567.901519999956,SCORE_LOW
ADANIENT,2022-09-21,2023-01-20,3635.1138,3451.4155,134,-26465.530908000015,SCORE_LOW
AMBUJACEM,2022-09-21,2023-01-23,534.6365,494.8857,911,-38016.34229079995,SCORE_LOW
APARINDS,2022-11-15,2023-01-30,1563.4204,1373.6914,308,-60128.91980480007,TRAILING_STOP_20
360ONE,2023-01-19,2023-01-31,456.9416,434.2721,1052,-25675.730996799946,SCORE_LOW
3MINDIA,2023-01-31,2023-02-01,22457.7852,21799.7148,20,-14905.385183999955,SCORE_LOW
AKZOINDIA,2022-09-21,2023-02-03,1956.2719,1953.0027,249,-2759.2214892000193,SCORE_LOW
CHALET,2023-01-23,2023-02-09,341.6215,361.05,1354,24350.74219999998,SCORE_LOW
AXISBANK,2022-12-08,2023-03-03,936.8681,850.3972,465,-41790.70729200001,SCORE_LOW
ASTRAZEN,2022-12-23,2023-04-12,3276.2375,3163.6372,142,-17786.188529599982,SCORE_LOW
ABBOTINDIA,2022-12-23,2023-05-11,20900.7148,20362.9316,22,-13623.168380799994,SCORE_LOW
ANANDRATHI,2023-01-17,2023-06-05,397.1713,419.8448,1012,21246.050249600026,SCORE_LOW
ALKEM,2023-04-12,2023-06-26,3250.2983,3309.552,137,6304.122404000023,SCORE_LOW
BOSCHLTD,2023-02-09,2023-07-03,16650.2715,18264.8145,29,44703.02851799992,SCORE_LOW
APOLLOTYRE,2023-02-03,2023-09-08,317.3607,370.7397,1468,76183.38848159998,SCORE_LOW
ABCAPITAL,2022-11-03,2023-09-12,119.75,180.8,3825,230750.01,SCORE_LOW
BDL,2023-06-05,2023-09-14,565.7677,524.6585,745,-32189.83633000002,SCORE_LOW
ABB,2023-09-12,2023-09-22,4345.3916,4133.251,158,-36130.42943199992,SCORE_LOW
KIRLOSBROS,2023-05-11,2023-11-08,500.0817,808.401,889,271221.1837439999,TRAILING_STOP_20
ABBOTINDIA,2023-11-08,2023-11-15,23591.625,22289.3828,30,-41741.991936000064,SCORE_LOW
AIAENG,2023-02-01,2023-12-05,2815.6321,3653.1648,155,127552.60632400005,SCORE_LOW
APLAPOLLO,2023-11-15,2023-12-12,1650.1799,1618.9592,405,-15267.097404,SCORE_LOW
AFFLE,2023-12-12,2023-12-13,1197.65,1194.95,543,-4061.5314000000944,SCORE_LOW
AJANTPHARM,2023-07-03,2023-12-18,1408.115,1831.1262,374,155466.82400480006,SCORE_LOW
ACE,2023-01-20,2023-12-27,335.4215,837.3839,1423,709526.1060412001,SCORE_LOW
3MINDIA,2023-12-27,2024-01-10,35155.3984,32891.5938,24,-57488.90340479987,SCORE_LOW
APARINDS,2023-01-30,2024-01-11,1373.6914,5434.2783,305,1231849.1849739999,SCORE_LOW
ANGELONE,2023-06-26,2024-01-23,1608.6493,2894.1348,279,355420.60006319993,TRAILING_STOP_20
ABSLAMC,2023-12-18,2024-02-12,453.9409,448.4039,1496,-10966.600937599898,SCORE_LOW
APTUS,2024-01-11,2024-02-28,332.5219,320.2883,2637,-35638.40418840002,SCORE_LOW
ABSLAMC,2024-02-28,2024-03-06,496.28,494.7049,1836,-6524.996385599952,SCORE_LOW
PATANJALI,2023-12-05,2024-03-11,497.1805,488.7899,1130,-11690.708348000073,SCORE_LOW
AJANTPHARM,2024-03-06,2024-04-04,2041.6036,2126.2275,442,33644.593579999986,SCORE_LOW
ADANIPOWER,2024-04-04,2024-04-22,128.4,119.38,7494,-71174.41488000017,SCORE_LOW
APOLLOHOSP,2024-01-23,2024-05-14,6114.144,5830.3218,138,-42385.80123360001,SCORE_LOW
AARTIIND,2024-02-12,2024-05-17,671.3346,625.7225,1285,-61827.76215000008,SCORE_LOW
ALOKINDS,2024-03-11,2024-05-17,29.9,26.75,30539,-99465.52299999993,SCORE_LOW
ADANIENT,2024-05-14,2024-05-28,3034.8584,3241.1753,321,62066.05581479997,SCORE_LOW
ACC,2024-04-22,2024-06-11,2387.0752,2546.0283,420,62482.97445599979,SCORE_LOW
ADANIGREEN,2024-05-17,2024-06-12,1833.0,1827.35,314,-4069.2515999999596,SCORE_LOW
BANKBARODA,2023-12-13,2024-06-26,207.8826,264.2145,3099,171297.3551579999,SCORE_LOW
COCHINSHIP,2024-01-10,2024-08-06,789.3308,2260.9871,1122,1641051.0584951998,TRAILING_STOP_20
AARTIIND,2024-08-06,2024-08-14,716.8389,597.4073,1753,-213552.61478760012,TRAILING_STOP_20
FORCEMOT,2023-09-08,2024-08-16,3783.5833,8250.1563,142,629567.2772216,SCORE_LOW
ADANIPOWER,2024-08-16,2024-08-19,139.48,139.4,9312,-5937.331199999899,SCORE_LOW
AAVAS,2024-06-11,2024-08-20,1847.7,1673.3,574,-103947.49680000008,SCORE_LOW
ABFRL,2024-05-28,2024-10-16,285.75,343.45,3616,203675.5392,SCORE_LOW
ABB,2024-10-16,2024-10-21,8699.5176,8213.7666,172,-89200.24342079973,SCORE_LOW
BALRAMCHIN,2024-08-20,2024-11-14,563.2614,532.2295,2353,-78027.40475399978,TRAILING_STOP_20
BAJAJFINSV,2024-11-22,2024-11-27,1600.0704,1599.2709,876,-6304.207233599853,SCORE_LOW
AJANTPHARM,2024-08-14,2024-12-13,2985.009,2776.3081,422,-92758.18787279981,SCORE_LOW
BBTC,2024-08-19,2024-12-19,2335.6323,2239.1118,563,-59383.52127359994,SCORE_LOW
