symbol,entry_date,exit_date,entry_price,exit_price,shares,pnl,exit_reason,execution
GMDCLTD,2007-10-16,2007-11-23,28.9202,154.3815,343,42821.41448199999,TRAILING_STOP_20PCT,SAME_DAY_CLOSE
JKCEMENT,2007-11-23,2008-01-14,154.497,151.9617,93,-292.31265239999993,TRAILING_STOP_20PCT,SAME_DAY_CLOSE
CUMMINSIND,2007-10-16,2008-01-18,215.9472,167.3454,46,-2266.4743535999996,TRAILING_STOP_20PCT,SAME_DAY_CLOSE
GPIL,2007-10-16,2008-01-18,64.7911,67.2786,153,339.41299679999975,TRAILING_STOP_20PCT,SAME_DAY_CLOSE
BATAINDIA,2007-10-16,2008-01-21,97.2575,92.4424,102,-528.8566991999978,TRAILING_STOP_20PCT,SAME_DAY_CLOSE
BIOCON,2007-10-16,2008-01-21,39.1616,31.9701,254,-1859.1226215999995,TRAILING_STOP_20PCT,SAME_DAY_CLOSE
CESC,2007-10-16,2008-01-21,31.8316,27.4571,312,-1399.1104608000005,TRAILING_STOP_20PCT,SAME_DAY_CLOSE
CGPOWER,2007-10-16,2008-01-21,57.8724,54.3516,171,-639.2332944000009,TRAILING_STOP_20PCT,SAME_DAY_CLOSE
GESHIP,2007-10-16,2008-01-21,233.2064,208.058,42,-1091.1865440000001,TRAILING_STOP_20PCT,SAME_DAY_CLOSE
AXISBANK,2007-10-16,2008-01-22,157.9376,173.5942,63,942.6200615999987,TRAILING_STOP_20PCT,SAME_DAY_CLOSE
BEML,2007-10-16,2008-01-24,542.1635,498.0478,18,-829.9420415999994,TRAILING_STOP_20PCT,SAME_DAY_CLOSE
BANKINDIA,2008-01-14,2008-01-31,310.1992,256.5123,48,-2626.221561600001,TRAILING_STOP_20PCT,SAME_DAY_CLOSE
GVT&D,2008-01-18,2008-02-04,2.934,2.934,4841,-56.81397599999946,REGIME_BEAR,SAME_DAY_CLOSE
NESTLEIND,2008-01-18,2008-02-04,435.1565,435.1565,32,-55.70003200000065,REGIME_BEAR,SAME_DAY_CLOSE
DCMSHRIRAM,2009-06-04,2009-06-19,46.5694,37.097,281,-2703.441428000002,TRAILING_STOP_20PCT,SAME_DAY_CLOSE
AARTIIND,2009-06-04,2009-06-23,8.74,6.8336,1502,-2904.469068800001,TRAILING_STOP_20PCT,SAME_DAY_CLOSE
ELGIEQUIP,2009-06-04,2009-07-09,10.5857,9.9383,1236,-849.3213551999997,TRAILING_STOP_20PCT,SAME_DAY_CLOSE
BEML,2009-06-04,2009-10-29,283.6341,330.2859,46,2085.2101944000024,TRAILING_STOP_20PCT,SAME_DAY_CLOSE
INDUSINDBK,2009-06-23,2009-11-03,81.3007,101.0581,126,2438.4991175999985,TRAILING_STOP_20PCT,SAME_DAY_CLOSE
ABREL,2009-07-27,2009-11-03,419.2091,357.9507,29,-1818.015881199999,TRAILING_STOP_20PCT,SAME_DAY_CLOSE
MPHASIS,2009-06-19,2010-03-31,249.576,397.9613,44,6458.9120112,TRAILING_STOP_20PCT,SAME_DAY_CLOSE
ENGINERSIN,2009-06-04,2010-05-18,48.3038,124.9898,270,20570.231015999998,TRAILING_STOP_20PCT,SAME_DAY_CLOSE
ASHOKLEY,2009-11-03,2010-12-20,8.3737,11.9173,1773,6198.2853084,TRAILING_STOP_20PCT,SAME_DAY_CLOSE
BIOCON,2009-06-04,2011-01-27,29.6612,52.907,442,10181.104024,TRAILING_STOP_20PCT,SAME_DAY_CLOSE
CGPOWER,2009-10-29,2011-01-28,62.8522,79.7937,240,3989.358048,TRAILING_STOP_20PCT,SAME_DAY_CLOSE
BATAINDIA,2009-06-04,2011-01-31,69.903,140.0055,187,13004.443386000003,TRAILING_STOP_20PCT,SAME_DAY_CLOSE
AIAENG,2010-03-31,2011-02-04,353.6557,319.3985,49,-1741.2049060000008,TRAILING_STOP_20PCT,SAME_DAY_CLOSE
CONCOR,2009-06-04,2011-02-08,170.3732,200.9147,76,2260.075931200001,TRAILING_STOP_20PCT,SAME_DAY_CLOSE
GRAVITA,2011-03-28,2011-04-26,59.9821,59.1313,353,-383.82579559999795,TRAILING_STOP_20PCT,SAME_DAY_CLOSE
CANBK,2011-03-28,2011-05-18,90.0258,76.1835,235,-3324.552990000004,TRAILING_STOP_20PCT,SAME_DAY_CLOSE
HFCL,2011-04-26,2011-05-18,17.7331,15.5226,1272,-2890.734988799999,TRAILING_STOP_20PCT,SAME_DAY_CLOSE
COLPAL,2009-06-04,2011-06-20,183.864,344.9818,71,11341.388968799998,REGIME_BEAR,SAME_DAY_CLOSE
CRISIL,2009-06-04,2011-06-20,259.7691,545.6112,50,14182.982760000003,REGIME_BEAR,SAME_DAY_CLOSE
DRREDDY,2009-11-03,2011-06-20,185.4214,273.8813,43,3756.6681163999992,REGIME_BEAR,SAME_DAY_CLOSE
ABBOTINDIA,2010-05-18,2011-06-20,953.1694,1220.6588,20,5252.135296,REGIME_BEAR,SAME_DAY_CLOSE
INFY,2010-12-20,2011-06-20,290.429,236.6055,79,-4326.823838,REGIME_BEAR,SAME_DAY_CLOSE
ATUL,2011-03-28,2011-06-20,155.5462,156.1668,136,-0.5531391999975313,REGIME_BEAR,SAME_DAY_CLOSE
BOSCHLTD,2011-03-28,2011-06-20,5630.165,5995.373,3,1023.6795239999992,REGIME_BEAR,SAME_DAY_CLOSE
CARBORUNIV,2011-03-28,2011-06-20,101.8972,124.255,207,4525.18146,REGIME_BEAR,SAME_DAY_CLOSE
GALLANTT,2012-06-29,2013-02-19,23.9467,22.6682,899,-1230.8863472000012,TRAILING_STOP_20PCT,SAME_DAY_CLOSE
AARTIIND,2012-06-29,2013-03-26,15.1112,16.8751,1423,2413.9766308,TRAILING_STOP_20PCT,SAME_DAY_CLOSE
DIVISLAB,2012-06-29,2013-06-03,450.5277,424.1135,47,-1321.2007379999995,TRAILING_STOP_20PCT,SAME_DAY_CLOSE
RAMCOCEM,2012-06-29,2013-07-16,150.0809,198.895,143,6866.648359999996,TRAILING_STOP_20PCT,SAME_DAY_CLOSE
BAJFINANCE,2012-06-29,2013-07-29,8.2867,11.5875,2603,8471.33335,TRAILING_STOP_20PCT,SAME_DAY_CLOSE
BERGEPAINT,2013-02-19,2013-08-01,54.7364,55.1993,392,94.90429759999824,TRAILING_STOP_20PCT,SAME_DAY_CLOSE
CASTROLIND,2012-06-29,2013-08-21,82.4356,99.2415,261,4282.7317740000035,REGIME_BEAR,SAME_DAY_CLOSE
ITC,2012-06-29,2013-08-21,109.8674,129.6648,196,3778.633196800005,REGIME_BEAR,SAME_DAY_CLOSE
MARICO,2012-06-29,2013-08-21,75.61,86.5113,284,2997.6923632,REGIME_BEAR,SAME_DAY_CLOSE
SUNPHARMA,2012-06-29,2013-08-21,287.4871,439.0309,74,11084.288053600001,REGIME_BEAR,SAME_DAY_CLOSE
ASTRAL,2012-06-29,2013-08-21,19.6874,42.9281,1091,25168.265471599996,REGIME_BEAR,SAME_DAY_CLOSE
GODREJCP,2013-03-26,2013-08-21,245.7855,249.4156,96,252.71400959999664,REGIME_BEAR,SAME_DAY_CLOSE
GLAXO,2013-06-03,2013-08-21,1036.9275,873.774,19,-3166.3233240000045,REGIME_BEAR,SAME_DAY_CLOSE
BAYERCROP,2013-07-16,2013-08-21,1329.9535,1271.6544,21,-1331.1000696000046,REGIME_BEAR,SAME_DAY_CLOSE
PERSISTENT,2013-09-24,2014-05-19,131.4323,197.0544,207,13420.613656799997,TRAILING_STOP_20PCT,SAME_DAY_CLOSE
DRREDDY,2013-09-24,2014-05-19,442.4402,422.3494,61,-1328.5920536000012,TRAILING_STOP_20PCT,SAME_DAY_CLOSE
BSOFT,2013-09-24,2014-05-19,66.7884,72.177,407,2075.6560440000067,TRAILING_STOP_20PCT,SAME_DAY_CLOSE
ACE,2014-05-19,2014-06-17,26.3621,23.2747,1178,-3746.6275864000017,TRAILING_STOP_20PCT,SAME_DAY_CLOSE
PIIND,2013-09-24,2014-10-17,141.3444,365.3378,192,42726.1533696,TRAILING_STOP_20PCT,SAME_DAY_CLOSE
BALKRISIND,2014-06-17,2014-11-17,331.713,285.9447,82,-3846.790461599998,TRAILING_STOP_20PCT,SAME_DAY_CLOSE
GESHIP,2013-09-24,2014-12-16,178.1853,248.2421,152,10497.702403200004,TRAILING_STOP_20PCT,SAME_DAY_CLOSE
JBCHEPHARM,2013-09-24,2014-12-22,36.4488,83.3191,748,34809.69365280001,TRAILING_STOP_20PCT,SAME_DAY_CLOSE
APARINDS,2014-11-17,2015-02-05,376.2249,308.1824,117,-8105.201863200004,TRAILING_STOP_20PCT,SAME_DAY_CLOSE
NCC,2014-12-22,2015-02-09,74.6662,56.0548,580,-10924.659136000002,TRAILING_STOP_20PCT,SAME_DAY_CLOSE
ATUL,2014-12-16,2015-03-20,1251.6917,1066.2098,33,-6261.6423936000065,TRAILING_STOP_20PCT,SAME_DAY_CLOSE
GODREJPROP,2015-02-05,2015-03-26,287.5392,237.4569,152,-7756.883395199999,TRAILING_STOP_20PCT,SAME_DAY_CLOSE
EMAMILTD,2014-10-17,2015-05-07,310.2266,372.293,137,8299.080236000002,TRAILING_STOP_20PCT,SAME_DAY_CLOSE
BERGEPAINT,2013-09-24,2015-06-10,64.5406,109.0438,421,18552.217440800003,TRAILING_STOP_20PCT,SAME_DAY_CLOSE
ACC,2014-05-19,2015-06-15,1265.1888,1228.7511,26,-1075.1703143999985,TRAILING_STOP_20PCT,SAME_DAY_CLOSE
PAGEIND,2015-03-20,2015-07-29,12961.9668,12079.0557,2,-1862.454645599999,TRAILING_STOP_20PCT,SAME_DAY_CLOSE
KAJARIACER,2015-02-09,2015-08-24,354.67,297.7612,121,-7030.081220799999,TRAILING_STOP_20PCT,SAME_DAY_CLOSE
ACE,2015-07-30,2015-08-24,49.0305,34.7359,526,-7592.043933600002,TRAILING_STOP_20PCT,SAME_DAY_CLOSE
CASTROLIND,2013-09-24,2015-09-01,97.4943,135.2924,278,10357.426651200003,TRAILING_STOP_20PCT,SAME_DAY_CLOSE
ABB,2014-05-19,2015-09-02,797.0145,1006.7386,41,8433.5829696,TRAILING_STOP_20PCT,SAME_DAY_CLOSE
VTL,2013-09-24,2015-09-07,54.8647,155.426,496,49570.039615999995,REGIME_BEAR,SAME_DAY_CLOSE
GLENMARK,2013-09-24,2015-09-07,479.0422,962.0805,56,26834.638768000004,REGIME_BEAR,SAME_DAY_CLOSE
GILLETTE,2015-03-26,2015-09-07,4144.2144,3909.0339,10,-2508.1663560000015,REGIME_BEAR,SAME_DAY_CLOSE
J&KBANK,2015-05-11,2015-09-07,147.2395,149.2233,295,409.1375060000064,REGIME_BEAR,SAME_DAY_CLOSE
BAJFINANCE,2015-06-22,2015-09-07,51.9563,48.7747,850,-2870.1939799999964,REGIME_BEAR,SAME_DAY_CLOSE
CYIENT,2015-06-22,2015-09-07,454.8414,461.67,97,483.2462400000004,REGIME_BEAR,SAME_DAY_CLOSE
BAJFINANCE,2016-07-01,2016-11-09,79.2736,90.2601,542,5758.999103199996,TRAILING_STOP_20PCT,SAME_DAY_CLOSE
DEEPAKNTR,2016-07-01,2016-11-11,83.8699,95.8756,511,5938.942973600002,TRAILING_STOP_20PCT,SAME_DAY_CLOSE
ASTRAL,2016-07-01,2016-11-15,215.1893,175.5977,199,-8018.504169200001,TRAILING_STOP_20PCT,SAME_DAY_CLOSE
LTF,2016-07-01,2016-11-15,67.7295,72.2139,632,2651.5840607999926,TRAILING_STOP_20PCT,SAME_DAY_CLOSE
DEEPAKFERT,2016-07-01,2016-11-18,145.5526,155.17,295,2654.032399999989,TRAILING_STOP_20PCT,SAME_DAY_CLOSE
SWANCORP,2016-11-11,2016-12-23,133.8094,149.4346,356,5349.77632959999,TRAILING_STOP_20PCT,SAME_DAY_CLOSE
JUBLPHARMA,2016-11-30,2016-12-26,487.3699,387.8071,93,-9403.6046412,TRAILING_STOP_20PCT,SAME_DAY_CLOSE
ITC,2016-07-01,2017-08-09,173.9486,191.0318,246,4014.4919088000024,TRAILING_STOP_20PCT,SAME_DAY_CLOSE
BEL,2016-11-30,2018-02-05,36.6938,42.656,1238,7169.971087999991,TRAILING_STOP_20PCT,SAME_DAY_CLOSE
EIDPARRY,2016-07-01,2018-03-06,238.1776,281.7748,180,7644.618144000007,TRAILING_STOP_20PCT,SAME_DAY_CLOSE
IOC,2016-07-01,2018-03-21,41.4285,67.394,1035,26595.281340000016,TRAILING_STOP_20PCT,SAME_DAY_CLOSE
INTELLECT,2018-02-05,2018-03-23,189.7379,157.3856,278,-9168.952187199997,TRAILING_STOP_20PCT,SAME_DAY_CLOSE
CHAMBLFERT,2017-01-05,2018-05-18,68.2409,136.9748,638,43502.66851039999,TRAILING_STOP_20PCT,SAME_DAY_CLOSE
IIFL,2018-03-06,2018-05-25,407.7665,342.602,123,-8183.793684000011,TRAILING_STOP_20PCT,SAME_DAY_CLOSE
APARINDS,2017-01-05,2018-06-04,573.8633,625.4453,79,3877.3372851999957,TRAILING_STOP_20PCT,SAME_DAY_CLOSE
CYIENT,2018-03-27,2018-06-05,561.1635,559.5282,104,-402.8349312000064,TRAILING_STOP_20PCT,SAME_DAY_CLOSE
BSOFT,2018-05-25,2018-09-26,148.5781,137.5108,423,-4914.1361736000035,TRAILING_STOP_20PCT,SAME_DAY_CLOSE
KOTAKBANK,2016-11-09,2018-10-01,163.4619,223.346,296,17461.251935999993,TRAILING_STOP_20PCT,SAME_DAY_CLOSE
AARTIIND,2018-06-05,2018-10-01,276.8664,269.4617,220,-1866.1602960000018,TRAILING_STOP_20PCT,SAME_DAY_CLOSE
BAJAJFINSV,2018-05-18,2018-10-04,571.0209,561.4473,110,-1300.1328119999962,TRAILING_STOP_20PCT,SAME_DAY_CLOSE
CUB,2016-07-01,2018-10-05,94.9959,155.2886,452,26971.538611199998,TRAILING_STOP_20PCT,SAME_DAY_CLOSE
ENDURANCE,2017-08-09,2018-10-05,943.0466,1191.8182,49,11956.212032799995,TRAILING_STOP_20PCT,SAME_DAY_CLOSE
DEEPAKNTR,2018-09-26,2018-10-22,283.974,226.9955,203,-11750.955845999997,TRAILING_STOP_20PCT,SAME_DAY_CLOSE
BAYERCROP,2018-06-04,2018-10-25,4055.0085,3225.2727,12,-10111.642689599998,TRAILING_STOP_20PCT,SAME_DAY_CLOSE
GAIL,2016-07-01,2018-10-30,50.5764,86.3365,848,30031.711392000005,REGIME_BEAR,SAME_DAY_CLOSE
AIAENG,2016-11-30,2018-10-30,1265.0189,1659.0266,29,11233.7762144,REGIME_BEAR,SAME_DAY_CLOSE
NESTLEIND,2018-03-27,2018-10-30,365.422,440.5364,149,10929.485905600006,REGIME_BEAR,SAME_DAY_CLOSE
CARBORUNIV,2018-10-01,2018-10-30,375.0085,349.408,164,-4427.693648,REGIME_BEAR,SAME_DAY_CLOSE
INFY,2018-10-01,2018-10-30,614.6617,548.9128,100,-6794.455120000006,REGIME_BEAR,SAME_DAY_CLOSE
JWL,2018-12-14,2019-01-28,21.3948,22.4372,2666,2539.768099199995,TRAILING_STOP_20PCT,SAME_DAY_CLOSE
NAVINFLUOR,2018-12-14,2019-02-11,697.9977,577.5246,81,-9945.439070400003,TRAILING_STOP_20PCT,SAME_DAY_CLOSE
AUROPHARMA,2018-12-14,2019-05-20,696.2633,637.9321,81,-4931.517200399998,TRAILING_STOP_20PCT,SAME_DAY_CLOSE
CGCL,2019-02-11,2019-07-10,133.7067,146.8133,395,4945.141985999995,TRAILING_STOP_20PCT,SAME_DAY_CLOSE
PFC,2018-12-14,2019-07-30,45.8383,54.8593,1241,10922.739434800002,TRAILING_STOP_20PCT,SAME_DAY_CLOSE
ABFRL,2018-12-14,2019-09-17,196.4022,181.7644,290,-4455.808704000003,TRAILING_STOP_20PCT,SAME_DAY_CLOSE
ADANIGREEN,2019-07-10,2020-01-16,49.1,179.7,1177,152870.17239999998,TRAILING_STOP_20PCT,SAME_DAY_CLOSE
CONCOR,2018-12-14,2020-02-28,474.6362,472.1154,120,-529.1113919999916,TRAILING_STOP_20PCT,SAME_DAY_CLOSE
ADANIPORTS,2019-05-20,2020-03-02,383.9367,327.0603,133,-7738.557279599998,TRAILING_STOP_20PCT,SAME_DAY_CLOSE
COLPAL,2018-12-14,2020-03-09,1118.3195,1099.9031,51,-1163.6166324000005,TRAILING_STOP_20PCT,SAME_DAY_CLOSE
SRF,2018-12-14,2020-03-12,427.9339,660.7795,133,30616.930106,REGIME_BEAR,SAME_DAY_CLOSE
HINDUNILVR,2018-12-14,2020-03-12,1660.5604,1857.8252,34,6454.338972799997,REGIME_BEAR,SAME_DAY_CLOSE
LTTS,2018-12-14,2020-03-12,1508.5985,1323.3947,37,-7048.403015600001,REGIME_BEAR,SAME_DAY_CLOSE
DRREDDY,2019-02-01,2020-03-12,533.4235,548.9037,107,1421.4506163999977,REGIME_BEAR,SAME_DAY_CLOSE
ABBOTINDIA,2019-09-20,2020-03-12,9376.2021,12730.3525,6,19819.373940000005,REGIME_BEAR,SAME_DAY_CLOSE
ASIANPAINT,2019-09-20,2020-03-12,1586.2633,1760.1537,37,6173.442052399994,REGIME_BEAR,SAME_DAY_CLOSE
APOLLOHOSP,2020-01-16,2020-03-12,1565.6151,1486.1135,51,-4357.748754,REGIME_BEAR,SAME_DAY_CLOSE
ADANIGREEN,2020-11-19,2021-01-12,1083.5,924.15,70,-11413.262000000002,TRAILING_STOP_20PCT,SAME_DAY_CLOSE
ABFRL,2021-01-12,2021-04-12,174.55,172.9,384,-899.1744000000035,TRAILING_STOP_20PCT,SAME_DAY_CLOSE
ATGL,2020-11-20,2021-06-18,344.7998,1256.8091,220,199536.053992,TRAILING_STOP_20PCT,SAME_DAY_CLOSE
ANANTRAJ,2020-11-19,2021-08-20,22.6583,57.4496,3362,116195.76837920002,TRAILING_STOP_20PCT,SAME_DAY_CLOSE
INDIACEM,2020-11-19,2021-08-23,149.0089,155.9418,510,3217.657727999991,TRAILING_STOP_20PCT,SAME_DAY_CLOSE
PCBL,2020-11-19,2021-08-23,67.6434,95.386,1124,30753.826944,TRAILING_STOP_20PCT,SAME_DAY_CLOSE
BLS,2021-08-23,2021-09-23,41.4553,57.3019,3202,50006.8904648,TRAILING_STOP_20PCT,SAME_DAY_CLOSE
ASTERDM,2021-08-23,2021-10-25,145.2719,139.8341,914,-5481.382669600003,TRAILING_STOP_20PCT,SAME_DAY_CLOSE
AXISBANK,2021-10-25,2021-11-26,841.5861,658.9985,168,-31117.563791999986,TRAILING_STOP_20PCT,SAME_DAY_CLOSE
ABREL,2021-09-23,2021-11-30,926.7509,756.0219,162,-28148.0001912,TRAILING_STOP_20PCT,SAME_DAY_CLOSE
CYIENT,2020-11-19,2021-12-20,398.9849,875.5549,190,89882.87827599997,TRAILING_STOP_20PCT,SAME_DAY_CLOSE
SCI,2021-11-26,2022-01-24,138.2485,113.744,1035,-25833.05766000002,TRAILING_STOP_20PCT,SAME_DAY_CLOSE
APARINDS,2021-12-20,2022-02-07,716.3049,629.3367,192,-17181.224985599983,TRAILING_STOP_20PCT,SAME_DAY_CLOSE
KPITTECH,2021-11-30,2022-02-11,483.6938,566.5605,295,23777.135110000003,TRAILING_STOP_20PCT,SAME_DAY_CLOSE
ASTRAL,2021-06-18,2022-02-14,1471.6068,1469.9855,88,-660.1092960000096,TRAILING_STOP_20PCT,SAME_DAY_CLOSE
ELGIEQUIP,2020-11-19,2022-02-22,124.5469,321.6034,610,119419.75270400001,TRAILING_STOP_20PCT,SAME_DAY_CLOSE
PRESTIGE,2020-11-19,2022-03-07,274.2711,402.6413,276,34985.6592048,TRAILING_STOP_20PCT,SAME_DAY_CLOSE
BAJFINANCE,2021-08-20,2022-03-07,653.5513,600.952,206,-11330.640247999996,TRAILING_STOP_20PCT,SAME_DAY_CLOSE
BANKBARODA,2022-02-07,2022-03-07,100.132,82.2687,1499,-27270.369825200032,TRAILING_STOP_20PCT,SAME_DAY_CLOSE
BDL,2022-03-17,2022-05-09,292.4061,321.0613,483,13220.171168400004,TRAILING_STOP_20PCT,SAME_DAY_CLOSE
BRIGADE,2022-03-17,2022-05-09,523.5196,414.9373,269,-29655.111234800002,TRAILING_STOP_20PCT,SAME_DAY_CLOSE
CHOLAFIN,2022-02-22,2022-05-12,686.7528,604.9304,201,-16932.666441599984,TRAILING_STOP_20PCT,SAME_DAY_CLOSE
RHIM,2022-02-14,2022-05-26,485.8192,516.6009,291,8356.151252400014,TRAILING_STOP_20PCT,SAME_DAY_CLOSE
ADANIPOWER,2022-02-11,2022-06-13,25.0,53.24,5877,164714.91408000002,TRAILING_STOP_20PCT,SAME_DAY_CLOSE
CUMMINSIND,2020-11-19,2022-06-15,471.3566,945.3561,161,75705.1101716,REGIME_BEAR,SAME_DAY_CLOSE
POWERGRID,2020-11-19,2022-06-15,78.9566,139.4802,962,57686.98339040001,REGIME_BEAR,SAME_DAY_CLOSE
CIPLA,2021-04-12,2022-06-15,869.1912,938.2958,75,4901.3562600000005,REGIME_BEAR,SAME_DAY_CLOSE
ABB,2022-01-24,2022-06-15,2355.0903,2259.313,63,-6603.316775999963,REGIME_BEAR,SAME_DAY_CLOSE
TIMKEN,2022-03-17,2022-06-15,2172.8809,2414.2571,64,14830.026982399984,REGIME_BEAR,SAME_DAY_CLOSE
COCHINSHIP,2022-09-20,2022-12-23,196.8441,238.4121,781,31719.808599600015,TRAILING_STOP_20PCT,SAME_DAY_CLOSE
AMBUJACEM,2022-09-20,2023-01-25,567.2272,454.4929,271,-31043.66560359999,TRAILING_STOP_20PCT,SAME_DAY_CLOSE
PNB,2022-09-20,2023-02-22,38.5465,45.3265,3982,26275.999508000008,TRAILING_STOP_20PCT,SAME_DAY_CLOSE
CIPLA,2022-09-20,2023-02-28,1063.0466,882.1254,144,-26560.757030399982,TRAILING_STOP_20PCT,SAME_DAY_CLOSE
CRAFTSMAN,2022-09-20,2023-03-20,2836.5793,2792.9504,54,-2959.237886399991,TRAILING_STOP_20PCT,SAME_DAY_CLOSE
ESCORTS,2022-09-20,2023-03-23,2051.104,1817.5313,74,-17822.369064800005,TRAILING_STOP_20PCT,SAME_DAY_CLOSE
GRAVITA,2023-01-25,2024-01-24,502.5315,892.2041,324,125097.6258864,TRAILING_STOP_20PCT,SAME_DAY_CLOSE
PGEL,2022-09-20,2024-01-29,108.7016,199.3821,1412,126914.75589920004,TRAILING_STOP_20PCT,SAME_DAY_CLOSE
GSPL,2023-03-01,2024-04-22,273.7128,295.5898,542,11216.495313599997,TRAILING_STOP_20PCT,SAME_DAY_CLOSE
ARE&M,2024-04-22,2024-09-24,1022.2667,1343.3041,239,75443.73988040001,TRAILING_STOP_20PCT,SAME_DAY_CLOSE
501343,2024-09-24,2024-10-17,46.1,36.72,6909,-65821.21392000004,TRAILING_STOP_20PCT,SAME_DAY_CLOSE
AIAENG,2022-09-20,2024-10-31,2644.9517,3799.8767,58,66104.07860559999,TRAILING_STOP_20PCT,SAME_DAY_CLOSE
ACC,2024-01-29,2024-11-13,2475.8127,2188.9641,97,-28673.63227079998,TRAILING_STOP_20PCT,SAME_DAY_CLOSE
517411,2024-11-13,2024-12-04,34.99,27.51,6026,-45737.58104000002,TRAILING_STOP_20PCT,SAME_DAY_CLOSE
