symbol,entry_date,exit_date,entry_price,exit_price,shares,pnl,exit_reason,execution
GMDCLTD,2007-10-16,2007-10-22,28.0559,27.2715,355,-317.18753000000106,SCORE_LOW,NEXT_DAY_OPEN
BLUESTARCO,2007-10-25,2007-10-29,143.8358,151.5719,68,484.82724319999943,SCORE_LOW,NEXT_DAY_OPEN
JINDALSAW,2007-10-30,2007-11-05,57.7804,63.474,171,930.1893840000012,SCORE_LOW,NEXT_DAY_OPEN
MRF,2007-10-30,2007-11-06,6929.3965,7362.1994,1,403.35410240000056,SCORE_LOW,NEXT_DAY_OPEN
PATANJALI,2007-11-05,2007-11-07,3887.2323,3807.5508,2,-189.82340639999984,SCORE_LOW,NEXT_DAY_OPEN
ENGINERSIN,2007-10-29,2007-11-08,39.7841,46.4082,250,1609.6167999999998,SCORE_LOW,NEXT_DAY_OPEN
JMFINANCIL,2007-11-06,2007-11-08,64.2263,54.3247,160,-1619.023808,SCORE_LOW,NEXT_DAY_OPEN
GODREJIND,2007-11-07,2007-11-12,231.3873,228.1283,43,-179.37506759999997,SCORE_LOW,NEXT_DAY_OPEN
FACT,2007-11-06,2007-11-13,36.5793,32.3931,281,-1212.7320444000015,SCORE_LOW,NEXT_DAY_OPEN
RCF,2007-11-15,2007-11-20,46.8273,50.5583,211,744.5697947999997,SCORE_LOW,NEXT_DAY_OPEN
MOTILALOFS,2007-11-16,2007-11-20,334.7963,307.5745,29,-825.110842,SCORE_LOW,NEXT_DAY_OPEN
FACT,2007-11-19,2007-11-22,45.749,45.749,216,-39.52713600000061,SCORE_LOW,NEXT_DAY_OPEN
HFCL,2007-11-21,2007-11-22,32.3223,30.0627,306,-728.2343447999992,SCORE_LOW,NEXT_DAY_OPEN
CENTURYPLY,2007-11-30,2007-12-05,48.4136,56.7006,202,1628.1599152,SCORE_LOW,NEXT_DAY_OPEN
KEI,2007-12-07,2007-12-11,86.9658,87.8624,114,62.14714559999811,SCORE_LOW,NEXT_DAY_OPEN
TRIDENT,2007-12-11,2007-12-14,2.2926,2.2689,4352,-142.6394111999998,SCORE_LOW,NEXT_DAY_OPEN
TECHNOE,2007-12-13,2007-12-17,243.6369,260.5561,40,635.0790240000006,SCORE_LOW,NEXT_DAY_OPEN
BERGEPAINT,2007-12-13,2007-12-18,16.7949,14.9862,595,-1111.8436559999973,SCORE_LOW,NEXT_DAY_OPEN
ADANIENT,2007-12-14,2007-12-18,59.2672,53.9769,169,-930.5490843999996,SCORE_LOW,NEXT_DAY_OPEN
CUB,2007-12-14,2007-12-18,21.5421,19.3293,463,-1060.3242636000014,SCORE_LOW,NEXT_DAY_OPEN
HFCL,2007-12-12,2007-12-24,37.7749,41.9502,264,1057.9797888000012,SCORE_LOW,NEXT_DAY_OPEN
GODREJIND,2007-12-18,2007-12-24,464.4506,380.8346,20,-1702.786768,SCORE_LOW,NEXT_DAY_OPEN
GILLETTE,2007-12-17,2007-12-26,1137.5394,1154.2685,8,96.89620800000012,SCORE_LOW,NEXT_DAY_OPEN
TRIDENT,2008-01-01,2008-01-03,2.7024,2.6279,3564,-302.98134240000036,SCORE_LOW,NEXT_DAY_OPEN
ADANIENT,2008-01-03,2008-01-07,80.0773,76.1111,119,-508.20668360000127,SCORE_LOW,NEXT_DAY_OPEN
CUB,2008-01-03,2008-01-07,23.4472,23.0539,409,-198.57588040000155,SCORE_LOW,NEXT_DAY_OPEN
RCF,2008-01-03,2008-01-09,85.8763,81.3549,112,-542.8437952000004,SCORE_LOW,NEXT_DAY_OPEN
OLECTRA,2008-01-03,2008-01-10,56.034,60.3371,171,694.559523599999,SCORE_LOW,NEXT_DAY_OPEN
TECHNOE,2008-01-07,2008-01-10,291.8568,293.887,33,28.20351599999958,SCORE_LOW,NEXT_DAY_OPEN
BBTC,2008-01-08,2008-01-10,186.9862,178.0646,50,-481.6929199999977,SCORE_LOW,NEXT_DAY_OPEN
HFCL,2008-01-03,2008-01-11,51.922,50.9396,185,-219.43930400000136,SCORE_LOW,NEXT_DAY_OPEN
TORNTPOWER,2008-01-04,2008-01-11,164.6946,145.7723,59,-1150.8179628000016,SCORE_LOW,NEXT_DAY_OPEN
KEI,2008-01-08,2008-01-14,109.5589,107.9004,85,-177.65863600000012,SCORE_LOW,NEXT_DAY_OPEN
ASTRAL,2009-06-03,2009-06-10,4.9137,5.2856,1872,656.6182271999987,SCORE_LOW,NEXT_DAY_OPEN
GRANULES,2009-06-03,2009-06-15,5.4968,5.2738,1673,-408.37126960000205,SCORE_LOW,NEXT_DAY_OPEN
ASHOKLEY,2009-06-03,2009-06-16,6.5309,5.0845,1412,-2071.0340559999986,TRAILING_STOP_20,NEXT_DAY_OPEN
FACT,2009-06-03,2009-06-18,53.324,41.1642,173,-2132.1310263999994,TRAILING_STOP_20,NEXT_DAY_OPEN
DEEPAKFERT,2009-06-03,2009-06-22,62.7871,56.3237,147,-983.2381356000005,SCORE_LOW,NEXT_DAY_OPEN
GMRAIRPORT,2009-06-03,2009-06-23,77.2177,58.9718,119,-2199.332676799998,TRAILING_STOP_20,NEXT_DAY_OPEN
COROMANDEL,2009-06-03,2009-06-24,78.5829,65.9082,117,-1513.7849376000013,TRAILING_STOP_20,NEXT_DAY_OPEN
ATUL,2009-06-23,2009-06-24,52.9671,54.0306,143,121.17499679999946,SCORE_LOW,NEXT_DAY_OPEN
RCF,2009-06-03,2009-07-08,57.4948,43.089,161,-2347.0831160000007,TRAILING_STOP_20,NEXT_DAY_OPEN
BATAINDIA,2009-06-16,2009-08-03,71.5042,74.553,119,327.3199719999993,SCORE_LOW,NEXT_DAY_OPEN
ABB,2009-07-30,2009-08-26,595.89,625.3246,12,323.1996192000006,SCORE_LOW,NEXT_DAY_OPEN
ACE,2009-08-26,2009-09-30,36.6796,33.1843,204,-740.1195887999993,SCORE_LOW,NEXT_DAY_OPEN
EIDPARRY,2009-06-03,2009-10-01,109.8432,125.2861,84,1255.1074704000002,SCORE_LOW,NEXT_DAY_OPEN
AJANTPHARM,2009-09-30,2009-10-05,7.5195,7.6637,893,101.39586360000067,SCORE_LOW,NEXT_DAY_OPEN
ANANTRAJ,2009-10-01,2009-10-08,56.5735,51.4454,184,-981.4342144000002,SCORE_LOW,NEXT_DAY_OPEN
ASAHIINDIA,2009-10-08,2009-10-15,70.763,65.7974,143,-747.7169128000023,SCORE_LOW,NEXT_DAY_OPEN
BAJFINANCE,2009-06-24,2009-11-03,1.338,2.2342,5914,5247.274564799998,TRAILING_STOP_20,NEXT_DAY_OPEN
AJANTPHARM,2009-11-03,2009-11-06,7.0187,6.9808,1547,-101.8284904000011,SCORE_LOW,NEXT_DAY_OPEN
ASTRAZEN,2009-10-05,2010-01-04,863.6988,887.8457,7,144.16862039999978,SCORE_LOW,NEXT_DAY_OPEN
CYIENT,2009-06-10,2010-01-08,62.7379,103.331,139,5584.988863999999,SCORE_LOW,NEXT_DAY_OPEN
OLECTRA,2010-01-08,2010-01-21,35.6654,29.0143,362,-2449.7109064000015,TRAILING_STOP_20,NEXT_DAY_OPEN
HINDZINC,2009-06-03,2010-02-08,23.0269,36.5281,400,5342.035040000001,TRAILING_STOP_20,NEXT_DAY_OPEN
AIAENG,2009-06-18,2010-03-02,199.388,300.6889,39,3903.8276315999983,SCORE_LOW,NEXT_DAY_OPEN
AKZOINDIA,2010-01-04,2010-03-16,397.9668,377.8237,19,-411.43350120000014,SCORE_LOW,NEXT_DAY_OPEN
ASHOKLEY,2009-11-06,2010-03-22,9.0723,9.5531,1261,558.1029636000003,SCORE_LOW,NEXT_DAY_OPEN
HONAUT,2009-06-24,2010-05-05,1368.3887,2303.8326,5,4631.142848000001,TRAILING_STOP_20,NEXT_DAY_OPEN
DRREDDY,2009-06-22,2010-05-10,130.694,217.8455,60,5176.8070800000005,SCORE_LOW,NEXT_DAY_OPEN
AARTIIND,2010-03-22,2010-05-14,8.886,8.812,1351,-147.59404800000084,SCORE_LOW,NEXT_DAY_OPEN
APOLLOTYRE,2009-06-15,2010-05-21,25.1838,51.9758,334,8879.088331199999,TRAILING_STOP_20,NEXT_DAY_OPEN
MAHSCOOTER,2010-03-16,2010-05-24,270.3694,229.561,35,-1460.4325399999998,TRAILING_STOP_20,NEXT_DAY_OPEN
ADANIPORTS,2010-05-14,2010-06-22,135.9545,131.8856,86,-395.2940463999985,SCORE_LOW,NEXT_DAY_OPEN
ADANIENT,2010-05-28,2010-06-24,72.643,67.8001,159,-813.141963600001,SCORE_LOW,NEXT_DAY_OPEN
ZFCVINDIA,2009-08-03,2010-06-28,267.4075,753.3289,34,16418.874869599997,SCORE_LOW,NEXT_DAY_OPEN
AMBUJACEM,2010-05-05,2010-06-29,88.7971,97.0119,128,1001.8243072000005,SCORE_LOW,NEXT_DAY_OPEN
ALKYLAMINE,2010-06-22,2010-08-09,12.4447,14.2616,904,1590.9076544,TRAILING_STOP_20,NEXT_DAY_OPEN
APOLLOHOSP,2010-06-24,2010-09-20,385.6676,389.2038,27,53.443389599999136,SCORE_LOW,NEXT_DAY_OPEN
ADANIPOWER,2010-05-10,2010-09-21,23.94,28.05,544,2174.8032000000003,SCORE_LOW,NEXT_DAY_OPEN
ASTRAZEN,2010-06-29,2010-09-29,1169.7673,1085.2304,13,-1155.4116807999999,TRAILING_STOP_20,NEXT_DAY_OPEN
ASIANPAINT,2010-02-08,2010-10-14,170.0456,233.0539,73,4531.5541612,SCORE_LOW,NEXT_DAY_OPEN
AJANTPHARM,2010-01-21,2010-11-04,10.198,18.5497,1167,9659.843900400001,SCORE_LOW,NEXT_DAY_OPEN
CCL,2010-09-21,2010-11-18,27.1472,22.5653,560,-2616.410271999999,TRAILING_STOP_20,NEXT_DAY_OPEN
BANKINDIA,2010-09-29,2010-11-25,403.1361,346.2676,34,-1980.6213935999986,TRAILING_STOP_20,NEXT_DAY_OPEN
ACE,2010-05-28,2010-11-26,41.4638,50.7269,332,3007.983876800001,SCORE_LOW,NEXT_DAY_OPEN
AARTIIND,2010-11-04,2010-11-26,13.6072,12.5014,1399,-1616.972034399998,TRAILING_STOP_20,NEXT_DAY_OPEN
ASAHIINDIA,2010-08-09,2010-11-29,73.8544,92.509,221,4040.8886440000006,TRAILING_STOP_20,NEXT_DAY_OPEN
ALOKINDS,2010-10-14,2010-11-29,20.869,24.1153,822,2589.1674936000018,TRAILING_STOP_20,NEXT_DAY_OPEN
ADANIPOWER,2010-11-26,2010-12-01,26.0,27.4,655,845.2119999999995,SCORE_LOW,NEXT_DAY_OPEN
3MINDIA,2010-03-02,2010-12-07,1885.8749,3420.5867,6,9126.176719199997,SCORE_LOW,NEXT_DAY_OPEN
BALKRISIND,2010-11-26,2010-12-09,65.2622,65.5884,260,16.600063999994745,SCORE_LOW,NEXT_DAY_OPEN
ASTRAL,2010-06-28,2010-12-10,11.3019,13.1176,1362,2401.5187152,TRAILING_STOP_20,NEXT_DAY_OPEN
BANKINDIA,2010-12-01,2010-12-10,361.8267,330.7085,48,-1557.1696319999974,SCORE_LOW,NEXT_DAY_OPEN
ADANIENT,2010-11-29,2010-12-14,77.2639,83.7025,219,1336.7300099999957,SCORE_LOW,NEXT_DAY_OPEN
BOSCHLTD,2010-12-14,2010-12-15,5496.9024,5461.3561,3,-172.17517320000115,SCORE_LOW,NEXT_DAY_OPEN
ABBOTINDIA,2010-11-25,2010-12-20,1256.389,1055.7042,9,-1844.1685511999985,SCORE_LOW,NEXT_DAY_OPEN
BAJAJ-AUTO,2009-10-15,2010-12-23,550.7833,989.5775,17,7392.2101299999995,SCORE_LOW,NEXT_DAY_OPEN
BATAINDIA,2010-11-18,2010-12-24,164.1383,151.2955,91,-1223.7663619999985,SCORE_LOW,NEXT_DAY_OPEN
ASIANPAINT,2010-12-24,2010-12-27,259.6656,251.4633,64,-589.3218047999981,SCORE_LOW,NEXT_DAY_OPEN
BAJFINANCE,2010-11-29,2011-01-03,6.5216,6.4198,2613,-333.1031495999996,SCORE_LOW,NEXT_DAY_OPEN
BERGEPAINT,2010-12-10,2011-01-03,24.7232,27.8472,673,2027.4873375999996,SCORE_LOW,NEXT_DAY_OPEN
ASAHIINDIA,2010-12-15,2011-01-03,97.2792,92.358,172,-909.9887040000012,SCORE_LOW,NEXT_DAY_OPEN
AIAENG,2010-12-10,2011-01-05,377.5354,367.7869,44,-493.66449439999997,SCORE_LOW,NEXT_DAY_OPEN
AMBUJACEM,2010-09-20,2011-01-07,113.0334,105.129,126,-1048.9394159999993,SCORE_LOW,NEXT_DAY_OPEN
BAJAJHLDNG,2010-12-27,2011-01-10,642.4975,575.9664,25,-1720.874139999998,SCORE_LOW,NEXT_DAY_OPEN
AARTIIND,2011-01-07,2011-01-10,11.6954,10.9082,1354,-1124.9476111999975,SCORE_LOW,NEXT_DAY_OPEN
BAJAJ-AUTO,2011-01-03,2011-01-13,1057.0249,877.1202,15,-2751.1977119999974,SCORE_LOW,NEXT_DAY_OPEN
BASF,2010-12-07,2011-01-20,591.5971,546.3795,28,-1327.2873039999977,SCORE_LOW,NEXT_DAY_OPEN
BATAINDIA,2011-01-10,2011-02-02,172.456,137.0776,90,-3233.4039360000006,TRAILING_STOP_20,NEXT_DAY_OPEN
ALOKINDS,2011-01-03,2011-02-10,26.3414,20.3589,637,-3862.7269772,TRAILING_STOP_20,NEXT_DAY_OPEN
BIOCON,2011-01-13,2011-02-10,58.7523,48.3957,229,-2415.9918612,SCORE_LOW,NEXT_DAY_OPEN
APARINDS,2011-01-20,2011-02-10,173.8199,139.6049,86,-2990.5140856,SCORE_LOW,NEXT_DAY_OPEN
APOLLOHOSP,2011-01-03,2011-02-18,430.4689,445.2398,39,506.60769119999895,SCORE_LOW,NEXT_DAY_OPEN
AUROPHARMA,2010-12-20,2011-02-24,121.5463,90.0174,136,-4336.8998656,TRAILING_STOP_20,NEXT_DAY_OPEN
ATUL,2011-01-10,2011-03-10,155.1472,139.4552,100,-1624.9820800000016,SCORE_LOW,NEXT_DAY_OPEN
CARBORUNIV,2010-12-23,2011-03-15,109.6036,110.5241,152,72.71734719999586,SCORE_LOW,NEXT_DAY_OPEN
ABBOTINDIA,2011-01-05,2011-03-23,1124.0045,1041.3695,14,-1215.2066919999997,SCORE_LOW,NEXT_DAY_OPEN
KAJARIACER,2011-03-29,2011-04-01,32.0342,32.6836,431,223.54487359999803,SCORE_LOW,NEXT_DAY_OPEN
SUNPHARMA,2011-03-29,2011-04-04,196.706,200.2303,70,190.63651599999866,SCORE_LOW,NEXT_DAY_OPEN
M&MFIN,2011-03-29,2011-04-05,81.5852,79.4953,169,-406.9319228000004,SCORE_LOW,NEXT_DAY_OPEN
SUPREMEIND,2011-03-29,2011-04-05,122.7854,121.3506,112,-215.0626687999993,SCORE_LOW,NEXT_DAY_OPEN
HAVELLS,2011-04-05,2011-04-07,69.5184,68.2313,192,-299.5248384000006,SCORE_LOW,NEXT_DAY_OPEN
GRAVITA,2011-03-29,2011-04-27,60.1576,59.6049,230,-181.9575079999995,TRAILING_STOP_20,NEXT_DAY_OPEN
AXISBANK,2011-04-01,2011-05-13,259.3507,222.608,54,-2032.1891280000018,SCORE_LOW,NEXT_DAY_OPEN
GRASIM,2011-03-29,2011-05-26,343.8135,312.1154,40,-1317.862463999998,SCORE_LOW,NEXT_DAY_OPEN
ACC,2010-12-09,2011-06-20,820.9429,795.2192,19,-549.1869592000003,SCORE_LOW,NEXT_DAY_OPEN
SIEMENS,2011-03-29,2011-06-22,433.1451,417.3076,31,-542.7086424000008,SCORE_LOW,NEXT_DAY_OPEN
BOSCHLTD,2011-03-29,2011-06-24,5670.3071,6017.8306,2,646.9043552000003,REGIME_BEAR,NEXT_DAY_OPEN
CRISIL,2011-03-29,2011-06-24,489.0725,548.6667,28,1607.1869296000023,REGIME_BEAR,NEXT_DAY_OPEN
ITC,2011-04-04,2011-06-24,74.5194,79.7817,193,954.0324275999992,REGIME_BEAR,NEXT_DAY_OPEN
BATAINDIA,2011-04-05,2011-06-24,181.8829,228.95,79,3645.952699999998,REGIME_BEAR,NEXT_DAY_OPEN
BLUEDART,2011-04-07,2011-06-24,1037.11,1195.72,12,1845.925439999999,REGIME_BEAR,NEXT_DAY_OPEN
ABBOTINDIA,2011-04-27,2011-06-24,1326.2449,1254.2333,10,-770.2853319999977,REGIME_BEAR,NEXT_DAY_OPEN
HCLTECH,2012-06-28,2012-07-18,83.6423,85.0471,167,177.79013719999966,SCORE_LOW,NEXT_DAY_OPEN
GILLETTE,2012-06-28,2012-07-23,1956.4896,1944.625,7,-137.5017000000007,SCORE_LOW,NEXT_DAY_OPEN
EICHERMOT,2012-06-28,2012-08-10,184.0914,187.0384,76,167.11232640000162,SCORE_LOW,NEXT_DAY_OPEN
ABBOTINDIA,2012-08-10,2012-08-14,1328.6871,1324.591,10,-93.94464000000153,SCORE_LOW,NEXT_DAY_OPEN
CEATLTD,2012-06-28,2012-08-16,85.0943,87.2597,164,297.8832367999985,SCORE_LOW,NEXT_DAY_OPEN
BAJAJFINSV,2012-07-18,2012-09-14,67.441,75.2332,218,1633.0962495999975,SCORE_LOW,NEXT_DAY_OPEN
CUB,2012-06-28,2012-09-17,32.7188,33.2399,428,166.12409119999938,SCORE_LOW,NEXT_DAY_OPEN
CASTROLIND,2012-06-28,2012-09-24,79.4825,94.441,176,2566.2095360000003,SCORE_LOW,NEXT_DAY_OPEN
APOLLOHOSP,2012-09-14,2012-09-24,646.6554,658.9266,25,240.8873399999993,SCORE_LOW,NEXT_DAY_OPEN
GLENMARK,2012-06-28,2012-10-03,348.7063,400.1686,40,1994.465024000001,SCORE_LOW,NEXT_DAY_OPEN
AJANTPHARM,2012-07-23,2012-10-10,58.1591,62.4131,232,929.0086432000007,SCORE_LOW,NEXT_DAY_OPEN
GRANULES,2012-06-28,2012-10-31,11.019,16.0051,1265,6226.430693999999,TRAILING_STOP_20,NEXT_DAY_OPEN
AKZOINDIA,2012-10-31,2012-11-05,619.0109,622.3008,29,23.220207200000004,SCORE_LOW,NEXT_DAY_OPEN
BALRAMCHIN,2012-09-24,2012-11-26,55.2233,51.0138,288,-1271.1038976,SCORE_LOW,NEXT_DAY_OPEN
APLAPOLLO,2012-11-26,2012-12-04,15.7376,16.2757,1078,509.8909816000014,SCORE_LOW,NEXT_DAY_OPEN
ACC,2012-09-17,2012-12-11,1192.2377,1210.1852,12,157.2811103999993,SCORE_LOW,NEXT_DAY_OPEN
AMBUJACEM,2012-10-03,2012-12-14,175.8423,170.7747,90,-517.5628919999981,SCORE_LOW,NEXT_DAY_OPEN
ATUL,2012-06-28,2013-01-17,208.7239,345.0902,67,9044.057926399997,TRAILING_STOP_20,NEXT_DAY_OPEN
ADANIPORTS,2013-01-17,2013-01-21,126.9827,123.2466,180,-761.2355519999983,SCORE_LOW,NEXT_DAY_OPEN
APARINDS,2012-12-14,2013-01-24,131.479,120.2266,116,-1361.063542400001,SCORE_LOW,NEXT_DAY_OPEN
ALKYLAMINE,2012-12-11,2013-02-19,24.3928,24.2222,590,-157.81839200000104,TRAILING_STOP_20,NEXT_DAY_OPEN
CONCOR,2013-02-19,2013-02-20,188.6166,186.8592,75,-187.8627600000018,SCORE_LOW,NEXT_DAY_OPEN
AARTIIND,2012-10-10,2013-02-21,18.2429,18.7143,793,314.45844040000156,SCORE_LOW,NEXT_DAY_OPEN
BAJFINANCE,2012-09-24,2013-03-06,10.0441,12.1128,1700,3434.4229599999962,SCORE_LOW,NEXT_DAY_OPEN
BAJAJHLDNG,2013-02-21,2013-03-13,775.9882,726.1151,19,-1002.7736475999991,SCORE_LOW,NEXT_DAY_OPEN
BAJAJ-AUTO,2012-11-05,2013-03-14,1357.4691,1359.1226,13,-49.17887520000295,SCORE_LOW,NEXT_DAY_OPEN
APLAPOLLO,2013-01-21,2013-03-20,16.6315,15.831,1329,-1148.0220960000006,TRAILING_STOP_20,NEXT_DAY_OPEN
ASTRAL,2012-08-14,2013-03-22,21.1933,33.1471,659,7790.178444400002,SCORE_LOW,NEXT_DAY_OPEN
CANFINHOME,2013-03-13,2013-03-26,25.915,23.1453,530,-1517.0090359999995,SCORE_LOW,NEXT_DAY_OPEN
APOLLOTYRE,2013-03-22,2013-04-04,70.9498,70.5695,309,-204.73660200000086,SCORE_LOW,NEXT_DAY_OPEN
ALKYLAMINE,2013-03-26,2013-04-26,26.9515,25.5868,453,-664.5723816000009,SCORE_LOW,NEXT_DAY_OPEN
CHOLAFIN,2012-06-28,2013-04-30,30.8439,50.9004,454,9013.215873599998,SCORE_LOW,NEXT_DAY_OPEN
MINDACORP,2012-12-04,2013-05-31,7.5564,27.7602,2303,46273.62443760001,SCORE_LOW,NEXT_DAY_OPEN
AXISBANK,2013-05-31,2013-06-11,269.1576,254.047,96,-1548.1716480000032,SCORE_LOW,NEXT_DAY_OPEN
AJANTPHARM,2013-01-24,2013-06-14,82.8577,123.9691,166,6742.176917599998,TRAILING_STOP_20,NEXT_DAY_OPEN
BERGEPAINT,2013-02-20,2013-08-02,55.1917,55.3801,253,-8.379461199998332,TRAILING_STOP_20,NEXT_DAY_OPEN
AKZOINDIA,2013-03-20,2013-08-05,654.7106,671.1166,32,439.08907519999775,SCORE_LOW,NEXT_DAY_OPEN
ASIANPAINT,2013-03-14,2013-08-07,428.31,393.0111,40,-1474.8377760000021,SCORE_LOW,NEXT_DAY_OPEN
CERA,2012-08-16,2013-08-21,295.9885,480.1322,47,8564.4890464,REGIME_BEAR,NEXT_DAY_OPEN
APLLTD,2013-03-06,2013-08-21,80.3448,124.1286,254,10994.970542400002,REGIME_BEAR,NEXT_DAY_OPEN
DABUR,2013-04-04,2013-08-21,126.4921,138.9671,171,2038.1715035999987,REGIME_BEAR,NEXT_DAY_OPEN
GODREJCP,2013-04-26,2013-08-21,260.0713,251.3078,44,-429.8241728000012,REGIME_BEAR,NEXT_DAY_OPEN
APOLLOHOSP,2013-04-30,2013-08-21,789.4847,796.7913,29,119.46360920000006,REGIME_BEAR,NEXT_DAY_OPEN
ASTRAL,2013-06-11,2013-08-21,51.1791,44.5167,492,-3365.5096655999987,REGIME_BEAR,NEXT_DAY_OPEN
CRISIL,2013-06-17,2013-08-21,952.2359,948.9094,26,-185.1755775999991,REGIME_BEAR,NEXT_DAY_OPEN
MARICO,2013-09-23,2013-10-03,90.564,90.1504,263,-203.61502079999627,SCORE_LOW,NEXT_DAY_OPEN
GLAXO,2013-09-23,2013-10-11,958.1121,971.7635,24,234.344304000002,SCORE_LOW,NEXT_DAY_OPEN
TRIDENT,2013-10-11,2013-10-29,1.0186,0.7963,24940,-5623.600887999997,TRAILING_STOP_20,NEXT_DAY_OPEN
EICHERMOT,2013-09-23,2013-10-31,312.9296,362.0977,76,3626.6978991999968,SCORE_LOW,NEXT_DAY_OPEN
BATAINDIA,2013-10-31,2013-11-01,400.9805,414.5884,64,764.7709695999984,SCORE_LOW,NEXT_DAY_OPEN
BAJAJ-AUTO,2013-09-23,2013-11-22,1458.7801,1428.9507,16,-568.7232447999959,SCORE_LOW,NEXT_DAY_OPEN
BHARTIARTL,2013-09-23,2013-11-29,285.9059,274.9709,83,-998.8953388000009,SCORE_LOW,NEXT_DAY_OPEN
BAYERCROP,2013-11-01,2013-12-05,1511.134,1455.1364,17,-1050.908475199998,SCORE_LOW,NEXT_DAY_OPEN
HEROMOTOCO,2013-09-23,2013-12-31,1347.1679,1416.096,17,1075.4831720000038,SCORE_LOW,NEXT_DAY_OPEN
GESHIP,2013-09-23,2014-01-17,178.9224,199.8303,133,2674.440980399995,SCORE_LOW,NEXT_DAY_OPEN
UNOMINDA,2013-11-29,2014-01-28,7.2279,5.6816,3132,-4914.190684799996,TRAILING_STOP_20,NEXT_DAY_OPEN
AXISBANK,2014-01-17,2014-01-29,225.7155,216.5757,117,-1170.7140275999955,SCORE_LOW,NEXT_DAY_OPEN
CEATLTD,2013-12-05,2014-01-31,298.0557,242.8225,82,-4608.768179999999,TRAILING_STOP_20,NEXT_DAY_OPEN
ADANIPORTS,2014-01-28,2014-01-31,135.0969,134.5325,130,-143.32890000000407,SCORE_LOW,NEXT_DAY_OPEN
BANKBARODA,2014-01-29,2014-01-31,97.7861,90.5329,258,-1964.7555528000012,SCORE_LOW,NEXT_DAY_OPEN
ADANIENT,2013-11-22,2014-02-11,34.3572,31.3714,728,-2265.0159168000027,TRAILING_STOP_20,NEXT_DAY_OPEN
ASIANPAINT,2014-02-11,2014-02-13,442.5166,431.8858,51,-630.2755031999986,SCORE_LOW,NEXT_DAY_OPEN
ECLERX,2013-09-23,2014-03-19,397.5946,532.0294,60,7938.400944000001,SCORE_LOW,NEXT_DAY_OPEN
AJANTPHARM,2013-09-23,2014-03-25,179.6425,234.9568,133,7231.804882399996,SCORE_LOW,NEXT_DAY_OPEN
BATAINDIA,2014-01-31,2014-03-31,415.4049,514.8336,69,6718.486226400004,SCORE_LOW,NEXT_DAY_OPEN
3MINDIA,2014-02-13,2014-04-04,3432.6636,3325.8749,6,-720.5531975999984,SCORE_LOW,NEXT_DAY_OPEN
ALKYLAMINE,2013-09-23,2014-04-23,25.65,50.4155,936,22991.752368000005,SCORE_LOW,NEXT_DAY_OPEN
BAJFINANCE,2014-01-31,2014-05-19,14.364,16.9721,2016,5121.066585600005,SCORE_LOW,NEXT_DAY_OPEN
APLLTD,2013-10-29,2014-05-20,174.6165,199.8383,119,2906.271169200001,TRAILING_STOP_20,NEXT_DAY_OPEN
APOLLOTYRE,2013-12-31,2014-07-14,94.8574,144.7756,252,12433.452595199997,TRAILING_STOP_20,NEXT_DAY_OPEN
ADANIENT,2014-03-31,2014-07-14,50.807,59.3255,633,5241.998334,TRAILING_STOP_20,NEXT_DAY_OPEN
ACC,2014-05-19,2014-07-21,1260.4086,1276.6353,29,322.48460519999935,SCORE_LOW,NEXT_DAY_OPEN
CANFINHOME,2014-03-19,2014-08-12,31.2568,63.3152,1009,32091.385452799994,TRAILING_STOP_20,NEXT_DAY_OPEN
CGPOWER,2014-07-14,2014-08-22,57.2471,68.5531,520,5736.529551999996,SCORE_LOW,NEXT_DAY_OPEN
ACE,2014-07-14,2014-10-01,26.3621,31.2575,1660,7918.814199999993,SCORE_LOW,NEXT_DAY_OPEN
ASIANPAINT,2014-10-01,2014-11-13,575.9953,590.6238,94,1153.0044511999877,SCORE_LOW,NEXT_DAY_OPEN
AARTIIND,2014-08-12,2014-12-30,58.2671,60.8958,795,1896.167856,SCORE_LOW,NEXT_DAY_OPEN
AIAENG,2014-04-04,2015-01-21,497.9925,978.0298,47,22377.8834976,SCORE_LOW,NEXT_DAY_OPEN
APARINDS,2014-05-20,2015-01-23,157.8956,336.7499,203,36033.981981200006,SCORE_LOW,NEXT_DAY_OPEN
SONATSOFTW,2014-08-22,2015-01-23,24.3738,32.3467,2039,15992.92341480001,SCORE_LOW,NEXT_DAY_OPEN
MINDACORP,2014-07-21,2015-01-27,32.5866,73.7064,1127,46009.746148800004,TRAILING_STOP_20,NEXT_DAY_OPEN
3MINDIA,2014-11-13,2015-01-30,5862.0048,6549.4662,9,5951.371816799998,SCORE_LOW,NEXT_DAY_OPEN
ABB,2015-01-27,2015-02-04,1135.0112,1106.5478,60,-1973.3754719999852,SCORE_LOW,NEXT_DAY_OPEN
AIAENG,2015-01-23,2015-02-13,1090.9556,952.9405,62,-8793.265443999997,SCORE_LOW,NEXT_DAY_OPEN
AARTIIND,2015-02-13,2015-02-18,70.4339,65.5843,854,-4365.594368799997,SCORE_LOW,NEXT_DAY_OPEN
AUROPHARMA,2013-10-04,2015-02-23,98.7424,501.4324,248,99369.6990592,SCORE_LOW,NEXT_DAY_OPEN
TITAGARH,2015-02-23,2015-03-20,128.6988,123.2865,521,-3076.737365999994,TRAILING_STOP_20,NEXT_DAY_OPEN
ASIANPAINT,2015-03-20,2015-04-30,764.3367,685.0687,86,-7052.7116327999975,SCORE_LOW,NEXT_DAY_OPEN
KEI,2014-04-23,2015-05-07,20.2154,64.2861,1771,77593.80696760002,TRAILING_STOP_20,NEXT_DAY_OPEN
AMBUJACEM,2015-01-23,2015-05-07,214.985,193.4091,307,-6861.307674800009,SCORE_LOW,NEXT_DAY_OPEN
ABBOTINDIA,2015-02-04,2015-05-19,3539.2806,3397.0911,19,-2959.77942359999,SCORE_LOW,NEXT_DAY_OPEN
ADANIPORTS,2015-05-05,2015-05-26,330.1512,324.9916,210,-1356.508944000001,SCORE_LOW,NEXT_DAY_OPEN
BAYERCROP,2014-12-30,2015-06-02,2601.9076,3094.2969,19,9120.230135599988,SCORE_LOW,NEXT_DAY_OPEN
ADANIENT,2015-01-30,2015-06-02,85.6935,92.1342,816,4954.885171200018,TRAILING_STOP_20,NEXT_DAY_OPEN
AXISBANK,2015-01-21,2015-06-17,535.3154,535.4123,86,-175.84843120000005,SCORE_LOW,NEXT_DAY_OPEN
ABB,2015-02-18,2015-06-25,1255.8605,1151.6524,44,-4787.8472224,SCORE_LOW,NEXT_DAY_OPEN
BHARATFORG,2014-01-31,2015-06-29,151.3755,491.4652,17,5748.1052664,SCORE_LOW,NEXT_DAY_OPEN
APLAPOLLO,2015-05-12,2015-08-13,39.911,40.4081,1642,550.8377991999951,SCORE_LOW,NEXT_DAY_OPEN
ABREL,2015-06-29,2015-08-14,640.0752,633.5346,68,-617.0822112000023,SCORE_LOW,NEXT_DAY_OPEN
SAREGAMA,2015-06-02,2015-08-21,17.3109,33.1669,3884,61069.42304159998,TRAILING_STOP_20,NEXT_DAY_OPEN
AKZOINDIA,2015-08-17,2015-08-25,1048.5357,961.8415,21,-1901.3728859999974,SCORE_LOW,NEXT_DAY_OPEN
ASAHIINDIA,2014-03-25,2015-09-07,56.5927,136.9505,564,45012.83887200001,REGIME_BEAR,NEXT_DAY_OPEN
ABFRL,2015-05-12,2015-09-07,172.3016,186.2987,381,5048.975881199993,REGIME_BEAR,NEXT_DAY_OPEN
APLLTD,2015-05-19,2015-09-07,455.8317,615.0124,151,23664.818210399986,REGIME_BEAR,NEXT_DAY_OPEN
BRITANNIA,2015-05-26,2015-09-07,1090.8048,1306.1058,64,13444.900915200007,REGIME_BEAR,NEXT_DAY_OPEN
3MINDIA,2015-06-02,2015-09-07,8435.3421,9800.9747,8,10611.429609600003,REGIME_BEAR,NEXT_DAY_OPEN
BAJAJFINSV,2015-06-23,2015-09-07,150.9077,182.1054,451,13741.644558400003,REGIME_BEAR,NEXT_DAY_OPEN
AARTIIND,2015-06-25,2015-09-07,78.147,94.6008,867,13937.369025599997,REGIME_BEAR,NEXT_DAY_OPEN
ADANIPORTS,2015-08-17,2015-09-07,344.8388,322.9548,251,-5817.130619200005,REGIME_BEAR,NEXT_DAY_OPEN
ASIANPAINT,2016-07-04,2016-07-07,934.2925,917.0063,84,-1760.1549168000056,SCORE_LOW,NEXT_DAY_OPEN
BSOFT,2016-07-04,2016-07-11,82.7102,79.146,955,-3706.148719999983,SCORE_LOW,NEXT_DAY_OPEN
AARTIIND,2016-07-07,2016-07-18,128.7011,126.2097,604,-1809.7282351999893,SCORE_LOW,NEXT_DAY_OPEN
AJANTPHARM,2016-07-11,2016-07-25,1000.6406,982.5712,78,-1715.975414399989,SCORE_LOW,NEXT_DAY_OPEN
ALKYLAMINE,2016-07-04,2016-07-28,138.4919,133.9894,572,-2881.997747199988,SCORE_LOW,NEXT_DAY_OPEN
AARTIIND,2016-07-25,2016-07-28,129.8819,131.7238,626,823.1930047999922,SCORE_LOW,NEXT_DAY_OPEN
ASTRAL,2016-07-04,2016-08-22,216.233,216.6327,366,-170.8600728000165,SCORE_LOW,NEXT_DAY_OPEN
3MINDIA,2016-07-04,2016-08-24,12671.5923,12354.803,6,-2197.251071999999,SCORE_LOW,NEXT_DAY_OPEN
CHAMBLFERT,2016-07-04,2016-09-02,55.8424,52.9349,1414,-4410.604794399987,SCORE_LOW,NEXT_DAY_OPEN
ATUL,2016-07-28,2016-09-19,1892.3493,2114.4107,43,9184.961559599993,SCORE_LOW,NEXT_DAY_OPEN
BOSCHLTD,2016-07-04,2016-09-26,20246.5382,21083.0459,3,2256.5265492000035,SCORE_LOW,NEXT_DAY_OPEN
ACC,2016-09-02,2016-09-26,1544.6878,1469.6601,48,-3883.5043391999934,SCORE_LOW,NEXT_DAY_OPEN
APLAPOLLO,2016-07-18,2016-09-28,89.5213,85.4253,883,-3918.4901596000127,SCORE_LOW,NEXT_DAY_OPEN
COALINDIA,2016-08-22,2016-10-17,153.7998,145.8758,534,-4543.006708799992,SCORE_LOW,NEXT_DAY_OPEN
AMBUJACEM,2016-07-28,2016-10-25,232.6634,215.9916,354,-6207.6613055999915,SCORE_LOW,NEXT_DAY_OPEN
BAJFINANCE,2016-07-04,2016-11-10,79.3541,92.2855,996,12512.008967999995,TRAILING_STOP_20,NEXT_DAY_OPEN
3MINDIA,2016-11-10,2016-11-11,11934.1508,12056.7784,6,446.4029184000101,SCORE_LOW,NEXT_DAY_OPEN
CENTURYPLY,2016-07-04,2016-11-15,199.6857,198.7161,394,-695.198973599996,TRAILING_STOP_20,NEXT_DAY_OPEN
CANFINHOME,2016-07-04,2016-11-16,227.0959,236.6797,347,2997.0671764,TRAILING_STOP_20,NEXT_DAY_OPEN
AKZOINDIA,2016-09-19,2016-11-16,1271.9209,1190.9374,66,-5659.318473599997,SCORE_LOW,NEXT_DAY_OPEN
BASF,2016-10-17,2016-11-16,1197.1754,1072.1844,65,-8403.182944000015,SCORE_LOW,NEXT_DAY_OPEN
AJANTPHARM,2016-09-26,2016-12-27,1248.1695,1025.3951,43,-9755.66715719999,SCORE_LOW,NEXT_DAY_OPEN
ATUL,2016-09-28,2017-01-05,2251.5089,1983.8289,33,-9095.305414799994,SCORE_LOW,NEXT_DAY_OPEN
BBTC,2017-01-06,2017-01-19,524.3868,535.2924,144,1262.0779776000127,SCORE_LOW,NEXT_DAY_OPEN
ABREL,2016-11-15,2017-01-25,779.3826,805.3939,94,2142.2340935999964,SCORE_LOW,NEXT_DAY_OPEN
BAYERCROP,2016-12-01,2017-02-07,3486.7551,3586.2553,22,1873.4139335999935,SCORE_LOW,NEXT_DAY_OPEN
ATUL,2017-01-19,2017-02-13,2180.4017,2257.1573,35,2370.4439779999957,SCORE_LOW,NEXT_DAY_OPEN
AARTIIND,2016-09-26,2017-03-06,149.2343,175.6947,567,14604.57122040003,SCORE_LOW,NEXT_DAY_OPEN
ADANIPORTS,2016-10-25,2017-03-07,272.7911,288.3506,281,4048.1134256000078,SCORE_LOW,NEXT_DAY_OPEN
ACE,2017-01-25,2017-03-14,44.7899,52.9772,1681,13406.632607199994,SCORE_LOW,NEXT_DAY_OPEN
ASAHIINDIA,2017-03-14,2017-03-21,207.9819,202.1778,434,-2869.9600608000037,SCORE_LOW,NEXT_DAY_OPEN
AARTIIND,2017-03-21,2017-03-29,186.7701,182.7792,477,-2252.4020136000036,SCORE_LOW,NEXT_DAY_OPEN
AIAENG,2016-08-24,2017-05-18,1161.0025,1408.3647,64,15470.639436800004,SCORE_LOW,NEXT_DAY_OPEN
ALKEM,2017-02-13,2017-05-18,1673.6514,1728.8089,46,2219.1441624,SCORE_LOW,NEXT_DAY_OPEN
OLECTRA,2017-02-07,2017-05-25,42.7376,78.4354,1831,64788.21093039999,TRAILING_STOP_20,NEXT_DAY_OPEN
BALRAMCHIN,2017-03-06,2017-05-30,138.5153,143.158,639,2600.7734519999794,SCORE_LOW,NEXT_DAY_OPEN
ADANIPORTS,2017-05-25,2017-05-30,328.2249,312.5226,301,-5102.6695103999955,SCORE_LOW,NEXT_DAY_OPEN
BHEL,2017-05-30,2017-06-01,90.7001,85.2705,1090,-6290.043380000017,SCORE_LOW,NEXT_DAY_OPEN
BPCL,2017-05-30,2017-06-05,142.5637,138.9697,690,-2863.4163720000215,SCORE_LOW,NEXT_DAY_OPEN
APARINDS,2016-11-11,2017-06-27,509.1315,679.1962,152,25436.8831104,SCORE_LOW,NEXT_DAY_OPEN
BAJAJFINSV,2016-12-01,2017-07-10,299.7447,408.7227,254,27265.1497368,SCORE_LOW,NEXT_DAY_OPEN
BBTC,2017-03-07,2017-07-18,786.702,857.8309,112,7582.128556800017,SCORE_LOW,NEXT_DAY_OPEN
ABFRL,2017-07-18,2017-07-31,179.3494,166.5352,571,-7697.274596800009,SCORE_LOW,NEXT_DAY_OPEN
ANANTRAJ,2017-05-18,2017-08-10,27.2294,22.3277,3825,-19090.616309999983,TRAILING_STOP_20,NEXT_DAY_OPEN
ABB,2017-03-29,2017-08-11,1040.5583,1168.604,83,10239.81657200001,SCORE_LOW,NEXT_DAY_OPEN
BANKINDIA,2017-07-31,2017-08-14,142.4893,127.458,716,-11127.450511999981,SCORE_LOW,NEXT_DAY_OPEN
ADANIENT,2017-08-11,2017-08-16,61.1634,61.1634,1573,-384.84011279999686,SCORE_LOW,NEXT_DAY_OPEN
BALKRISIND,2016-12-01,2017-08-21,487.6603,695.7332,155,31819.944916000008,SCORE_LOW,NEXT_DAY_OPEN
AARTIIND,2017-06-05,2017-08-28,214.8364,199.5458,468,-7529.550537599978,SCORE_LOW,NEXT_DAY_OPEN
ABREL,2017-08-10,2017-08-31,1188.5331,1175.8503,81,-1408.282297199985,SCORE_LOW,NEXT_DAY_OPEN
ACC,2017-07-10,2017-09-18,1486.724,1687.6403,67,13009.104499599998,SCORE_LOW,NEXT_DAY_OPEN
OLECTRA,2017-08-21,2017-09-25,129.7604,166.1572,757,27049.2535984,TRAILING_STOP_20,NEXT_DAY_OPEN
3MINDIA,2017-06-27,2017-10-09,12830.6389,13692.659,7,5650.74624800001,SCORE_LOW,NEXT_DAY_OPEN
CHAMBLFERT,2017-01-06,2017-11-15,68.4871,116.2664,758,35864.1896752,SCORE_LOW,NEXT_DAY_OPEN
AUROPHARMA,2017-09-25,2017-11-15,694.1699,666.5633,151,-4571.200833199997,SCORE_LOW,NEXT_DAY_OPEN
BEML,2017-08-14,2017-11-17,607.1433,646.8081,161,5969.488383600008,SCORE_LOW,NEXT_DAY_OPEN
ACC,2017-10-09,2017-11-21,1607.1008,1579.0227,70,-2407.5933559999976,SCORE_LOW,NEXT_DAY_OPEN
ADANIPORTS,2017-06-01,2017-11-28,321.2778,381.5336,307,18030.007339200005,SCORE_LOW,NEXT_DAY_OPEN
BAJFINANCE,2017-05-18,2017-12-07,126.1883,164.1077,509,18966.85132280001,SCORE_LOW,NEXT_DAY_OPEN
BAJAJFINSV,2017-12-07,2017-12-12,492.3109,510.2494,173,2750.267915199991,SCORE_LOW,NEXT_DAY_OPEN
ASAHIINDIA,2017-08-16,2018-01-05,301.8967,358.1505,320,17542.78336,SCORE_LOW,NEXT_DAY_OPEN
BLUESTARCO,2017-08-31,2018-01-09,352.2408,380.3404,268,7122.967891200009,SCORE_LOW,NEXT_DAY_OPEN
ABREL,2017-12-12,2018-01-19,1317.2829,1344.1857,66,1420.7197752000066,SCORE_LOW,NEXT_DAY_OPEN
BBTC,2017-11-21,2018-02-01,1494.0855,1374.1842,73,-9154.0566864,TRAILING_STOP_20,NEXT_DAY_OPEN
ASTRAL,2017-11-17,2018-02-02,359.1828,350.4037,287,-2921.865147599994,SCORE_LOW,NEXT_DAY_OPEN
GRAPHITE,2017-09-18,2018-02-05,262.8642,513.4929,427,106141.40902679999,TRAILING_STOP_20,NEXT_DAY_OPEN
ADANIPOWER,2018-01-19,2018-02-05,7.34,6.39,12615,-12306.689400000003,SCORE_LOW,NEXT_DAY_OPEN
AUBANK,2018-02-01,2018-02-09,323.7598,290.49,307,-10570.550319999995,SCORE_LOW,NEXT_DAY_OPEN
APLAPOLLO,2017-08-28,2018-02-21,142.8669,197.7122,709,38324.6059008,TRAILING_STOP_20,NEXT_DAY_OPEN
ADANIENT,2018-01-05,2018-03-08,99.1491,93.3547,1154,-7117.662895200003,TRAILING_STOP_20,NEXT_DAY_OPEN
ABB,2018-02-02,2018-03-16,1484.5472,1211.3203,67,-18630.836140399988,SCORE_LOW,NEXT_DAY_OPEN
ALKEM,2017-11-28,2018-04-03,1819.0269,1769.2564,63,-3581.3941128000006,SCORE_LOW,NEXT_DAY_OPEN
BLUESTARCO,2018-03-08,2018-04-19,373.0725,363.8602,333,-3552.3576863999915,SCORE_LOW,NEXT_DAY_OPEN
CASTROLIND,2018-04-19,2018-04-23,145.959,142.1697,824,-3590.9745312000014,SCORE_LOW,NEXT_DAY_OPEN
ATUL,2018-04-23,2018-05-08,2637.9907,2743.5646,44,4162.384230400014,SCORE_LOW,NEXT_DAY_OPEN
3MINDIA,2017-11-15,2018-05-22,14072.8991,18394.2464,8,33982.16251519999,SCORE_LOW,NEXT_DAY_OPEN
APOLLOTYRE,2018-02-09,2018-05-22,232.3944,244.0672,540,5776.126848000014,SCORE_LOW,NEXT_DAY_OPEN
DEEPAKNTR,2018-05-08,2018-05-22,243.2638,232.1146,493,-5954.285591200009,SCORE_LOW,NEXT_DAY_OPEN
ALKYLAMINE,2018-05-22,2018-05-23,263.93,254.3995,472,-4978.702256000004,SCORE_LOW,NEXT_DAY_OPEN
COALINDIA,2018-02-21,2018-05-24,153.1963,144.5177,821,-7599.726726800014,SCORE_LOW,NEXT_DAY_OPEN
ACE,2017-11-15,2018-06-05,111.6354,140.5116,693,19621.708444799995,SCORE_LOW,NEXT_DAY_OPEN
AIAENG,2018-06-05,2018-06-11,1494.9543,1467.2577,68,-2282.4628943999996,SCORE_LOW,NEXT_DAY_OPEN
ASHOKLEY,2018-02-05,2018-06-22,50.8696,58.2498,2411,17231.90112880002,SCORE_LOW,NEXT_DAY_OPEN
3MINDIA,2018-06-11,2018-06-26,17484.7541,18254.9439,5,3485.8501220000035,SCORE_LOW,NEXT_DAY_OPEN
AARTIIND,2018-02-05,2018-07-03,249.1928,283.9592,490,16478.975967999984,SCORE_LOW,NEXT_DAY_OPEN
CUB,2018-07-03,2018-07-16,161.9232,169.2576,784,5219.377766399994,SCORE_LOW,NEXT_DAY_OPEN
AUBANK,2018-07-16,2018-07-25,316.3362,319.2907,413,692.7402636000188,SCORE_LOW,NEXT_DAY_OPEN
COLPAL,2018-05-22,2018-07-26,995.0949,959.7047,125,-4903.62735000001,SCORE_LOW,NEXT_DAY_OPEN
IEX,2018-06-26,2018-07-26,48.2799,47.758,2353,-1677.5289959999936,SCORE_LOW,NEXT_DAY_OPEN
ASIANPAINT,2018-06-22,2018-09-21,1188.2504,1217.0733,108,2587.0975344000035,SCORE_LOW,NEXT_DAY_OPEN
BAJFINANCE,2018-05-22,2018-09-24,205.5973,236.3066,605,18007.264527999985,TRAILING_STOP_20,NEXT_DAY_OPEN
BRITANNIA,2018-03-16,2018-09-28,2154.4966,2573.2754,42,17156.399332800007,SCORE_LOW,NEXT_DAY_OPEN
ADANIENT,2018-07-26,2018-10-01,122.7498,125.4303,1116,2431.517140800017,TRAILING_STOP_20,NEXT_DAY_OPEN
COFORGE,2018-07-26,2018-10-01,223.9066,198.3272,466,-12289.682300800006,TRAILING_STOP_20,NEXT_DAY_OPEN
BAJAJFINSV,2018-05-23,2018-10-03,592.8661,588.9509,209,-1310.6397523999767,SCORE_LOW,NEXT_DAY_OPEN
ASTRAL,2018-04-03,2018-10-05,415.3263,376.3126,271,-10980.635558399998,TRAILING_STOP_20,NEXT_DAY_OPEN
AIAENG,2018-09-21,2018-10-10,1749.0171,1469.1743,74,-21143.24279280001,SCORE_LOW,NEXT_DAY_OPEN
ACC,2018-09-28,2018-10-12,1464.6883,1355.37,81,-9293.922180000023,SCORE_LOW,NEXT_DAY_OPEN
3MINDIA,2018-07-25,2018-10-24,22008.0666,18210.3057,6,-23223.612736799987,TRAILING_STOP_20,NEXT_DAY_OPEN
ABBOTINDIA,2018-01-09,2018-10-30,4826.9171,6505.2143,20,33045.526856,REGIME_BEAR,NEXT_DAY_OPEN
ASTRAZEN,2018-05-24,2018-10-30,1194.2517,1664.322,104,48194.95324799999,REGIME_BEAR,NEXT_DAY_OPEN
APLLTD,2018-09-24,2018-10-30,598.6863,529.4474,219,-15627.115022399987,REGIME_BEAR,NEXT_DAY_OPEN
ABFRL,2018-10-01,2018-10-30,177.5259,175.653,711,-1831.1890320000093,REGIME_BEAR,NEXT_DAY_OPEN
ATUL,2018-10-01,2018-10-30,3048.3905,3221.6941,34,5454.17200240001,REGIME_BEAR,NEXT_DAY_OPEN
AXISBANK,2018-10-03,2018-10-30,589.4039,561.8035,208,-6208.303712000008,REGIME_BEAR,NEXT_DAY_OPEN
RBLBANK,2018-12-14,2019-01-09,562.6406,552.7426,210,-2542.883783999976,SCORE_LOW,NEXT_DAY_OPEN
GILLETTE,2018-12-14,2019-02-04,5800.2426,5834.3687,20,215.77250400000776,SCORE_LOW,NEXT_DAY_OPEN
LTTS,2018-12-14,2019-02-04,1491.3062,1475.5814,79,-1708.5429223999818,SCORE_LOW,NEXT_DAY_OPEN
BAJAJFINSV,2019-02-04,2019-02-06,609.1725,604.0036,191,-1448.7186503999983,SCORE_LOW,NEXT_DAY_OPEN
ADANIENT,2019-02-04,2019-02-12,141.1338,115.7514,839,-21684.295298400015,SCORE_LOW,NEXT_DAY_OPEN
ABBOTINDIA,2019-01-09,2019-02-19,7069.6669,6622.4493,16,-7579.318355199997,SCORE_LOW,NEXT_DAY_OPEN
AARTIIND,2019-02-06,2019-02-20,399.1588,320.2766,293,-23487.848775199993,TRAILING_STOP_20,NEXT_DAY_OPEN
APOLLOHOSP,2019-02-12,2019-02-20,1110.0709,1104.1923,92,-947.1739664000052,SCORE_LOW,NEXT_DAY_OPEN
SCHAEFFLER,2018-12-14,2019-02-25,1006.4278,987.7669,117,-2645.6002092000126,SCORE_LOW,NEXT_DAY_OPEN
COLPAL,2018-12-14,2019-04-02,1112.6497,1070.0195,106,-4972.489467999985,SCORE_LOW,NEXT_DAY_OPEN
CHAMBLFERT,2019-02-26,2019-04-08,132.9639,137.3861,624,2416.5370944000024,SCORE_LOW,NEXT_DAY_OPEN
EIHOTEL,2018-12-14,2019-04-10,191.7275,188.8371,618,-2253.0725112000073,SCORE_LOW,NEXT_DAY_OPEN
BLUESTARCO,2019-04-08,2019-04-10,331.9757,324.0346,256,-2364.733030400006,SCORE_LOW,NEXT_DAY_OPEN
AIAENG,2019-04-10,2019-04-15,1687.6816,1699.182,72,338.6643840000179,SCORE_LOW,NEXT_DAY_OPEN
ABFRL,2018-12-14,2019-04-30,196.3529,207.4914,606,6246.971846400003,SCORE_LOW,NEXT_DAY_OPEN
3MINDIA,2019-02-26,2019-05-02,21822.266,21298.9584,5,-3042.5171680000058,SCORE_LOW,NEXT_DAY_OPEN
AUROPHARMA,2019-04-30,2019-05-06,798.2193,744.294,152,-8649.17635200001,SCORE_LOW,NEXT_DAY_OPEN
BANDHANBNK,2019-05-06,2019-05-07,600.3356,586.9733,187,-2937.806128399985,SCORE_LOW,NEXT_DAY_OPEN
ALKYLAMINE,2019-04-15,2019-05-17,337.7748,311.8659,359,-9749.134532400014,SCORE_LOW,NEXT_DAY_OPEN
ATUL,2019-05-17,2019-05-27,3713.4676,3662.7425,29,-1895.9060299999983,SCORE_LOW,NEXT_DAY_OPEN
COFORGE,2019-05-07,2019-05-28,232.0047,235.1533,469,1035.54580919999,SCORE_LOW,NEXT_DAY_OPEN
AARTIIND,2019-05-27,2019-06-20,427.0355,409.6931,254,-4821.217789599992,SCORE_LOW,NEXT_DAY_OPEN
CGCL,2018-12-14,2019-07-11,129.1806,146.8133,921,15698.856502799987,TRAILING_STOP_20,NEXT_DAY_OPEN
BATAINDIA,2019-02-26,2019-07-11,1195.6752,1280.3801,93,7401.254302800007,SCORE_LOW,NEXT_DAY_OPEN
MAHSCOOTER,2018-12-14,2019-08-06,2744.8067,3308.0086,43,23648.70422080002,TRAILING_STOP_20,NEXT_DAY_OPEN
BALRAMCHIN,2019-02-26,2019-08-06,118.8815,117.3832,935,-1839.923668000003,TRAILING_STOP_20,NEXT_DAY_OPEN
APLAPOLLO,2019-05-02,2019-08-07,156.1086,131.9312,699,-17268.882235200013,SCORE_LOW,NEXT_DAY_OPEN
ABB,2019-05-28,2019-08-08,1427.6356,1232.0424,76,-15239.624089600009,SCORE_LOW,NEXT_DAY_OPEN
CREDITACC,2019-04-10,2019-08-19,535.8013,509.0633,143,-4114.718207599988,SCORE_LOW,NEXT_DAY_OPEN
ATUL,2019-06-20,2019-09-12,3855.567,3611.8206,27,-6971.229424799996,SCORE_LOW,NEXT_DAY_OPEN
IPCALAB,2018-12-14,2019-09-23,392.474,469.0301,302,22553.353839200005,SCORE_LOW,NEXT_DAY_OPEN
AUBANK,2019-07-11,2019-09-27,326.9961,323.4325,367,-1782.640109999993,SCORE_LOW,NEXT_DAY_OPEN
ADANIENT,2019-09-23,2019-10-01,152.5452,144.7198,761,-6395.656471200011,SCORE_LOW,NEXT_DAY_OPEN
AARTIIND,2019-09-23,2019-10-04,411.7255,367.831,281,-12747.796543999997,SCORE_LOW,NEXT_DAY_OPEN
ASTRAL,2019-09-23,2019-11-07,681.5482,588.1233,91,-8715.742781199995,SCORE_LOW,NEXT_DAY_OPEN
ADANIPOWER,2019-09-23,2019-11-18,12.82,12.2,9050,-6052.639999999999,SCORE_LOW,NEXT_DAY_OPEN
APOLLOHOSP,2019-09-23,2019-11-29,1465.7198,1429.8148,79,-3288.316476799999,SCORE_LOW,NEXT_DAY_OPEN
BANDHANBNK,2019-11-29,2019-12-12,569.0052,504.3543,200,-13333.66343999999,SCORE_LOW,NEXT_DAY_OPEN
AKZOINDIA,2019-09-27,2019-12-26,1656.9896,1600.9165,69,-4310.896854000006,SCORE_LOW,NEXT_DAY_OPEN
ASIANPAINT,2019-09-23,2020-01-06,1611.7519,1652.8701,72,2484.4838112000143,SCORE_LOW,NEXT_DAY_OPEN
ADANIGREEN,2019-07-11,2020-01-17,49.55,175.1,2425,302760.28,TRAILING_STOP_20,NEXT_DAY_OPEN
ABCAPITAL,2020-01-06,2020-01-27,105.6,104.9,1119,-1252.8323999999848,SCORE_LOW,NEXT_DAY_OPEN
AFFLE,2019-12-26,2020-03-02,309.64,372.0,354,21548.687999999995,TRAILING_STOP_20,NEXT_DAY_OPEN
ADANIENT,2020-01-27,2020-03-11,227.332,195.5352,681,-22186.258684800006,TRAILING_STOP_20,NEXT_DAY_OPEN
CREDITACC,2019-10-04,2020-03-13,668.6975,694.4929,154,3544.6839735999965,TRAILING_STOP_20,NEXT_DAY_OPEN
ASTRAZEN,2019-11-18,2020-03-13,2588.8724,2089.6179,42,-21319.744807199997,TRAILING_STOP_20,NEXT_DAY_OPEN
COFORGE,2019-12-12,2020-03-13,274.2731,241.4453,365,-12334.65713800001,TRAILING_STOP_20,NEXT_DAY_OPEN
AAVAS,2019-04-02,2020-03-16,1171.9,1720.0,96,51957.11999999998,REGIME_BEAR,NEXT_DAY_OPEN
ABBOTINDIA,2019-09-23,2020-03-16,9542.1336,13670.9412,12,48889.4860224,REGIME_BEAR,NEXT_DAY_OPEN
BERGEPAINT,2019-10-01,2020-03-16,352.4891,372.0248,319,5757.184655200006,REGIME_BEAR,NEXT_DAY_OPEN
ALKEM,2019-11-07,2020-03-16,1921.3641,2286.1618,27,9602.632425599993,REGIME_BEAR,NEXT_DAY_OPEN
APLLTD,2020-01-17,2020-03-16,537.8056,511.663,284,-8005.747567999992,REGIME_BEAR,NEXT_DAY_OPEN
EMAMILTD,2020-11-23,2020-12-24,360.8324,384.2231,357,7801.809313199978,SCORE_LOW,NEXT_DAY_OPEN
ASAHIINDIA,2020-12-24,2021-01-04,251.2843,272.274,542,10786.127368000016,SCORE_LOW,NEXT_DAY_OPEN
BLUESTARCO,2020-11-23,2021-01-07,359.5131,391.0816,401,12031.673613599996,SCORE_LOW,NEXT_DAY_OPEN
CUB,2020-11-23,2021-01-07,178.5673,178.0364,812,-1009.3530272000062,SCORE_LOW,NEXT_DAY_OPEN
ADANIGREEN,2020-11-23,2021-01-13,1155.0,930.0,123,-28132.559999999998,TRAILING_STOP_20,NEXT_DAY_OPEN
CYIENT,2020-11-23,2021-01-20,410.1921,436.7704,353,8765.42009520001,SCORE_LOW,NEXT_DAY_OPEN
AFFLE,2020-11-23,2021-01-22,648.0,748.0,221,21438.76800000001,SCORE_LOW,NEXT_DAY_OPEN
CHOLAHLDNG,2020-11-23,2021-01-27,484.6815,534.6647,298,14257.673277600028,SCORE_LOW,NEXT_DAY_OPEN
APOLLOHOSP,2021-01-27,2021-02-05,2663.1791,2704.6372,59,1807.733520800044,SCORE_LOW,NEXT_DAY_OPEN
TTML,2021-01-22,2021-02-15,13.35,16.15,11862,32447.314799999993,TRAILING_STOP_20,NEXT_DAY_OPEN
WOCKPHARMA,2020-11-23,2021-03-19,378.2281,397.9554,376,6818.939878400008,TRAILING_STOP_20,NEXT_DAY_OPEN
ADANIGREEN,2021-02-15,2021-03-31,1068.0,1157.65,166,14113.22040000002,SCORE_LOW,NEXT_DAY_OPEN
J&KBANK,2021-01-13,2021-04-07,28.1797,24.693,4089,-14660.995007999998,SCORE_LOW,NEXT_DAY_OPEN
ADANIPOWER,2021-03-19,2021-06-18,17.6,22.98,9176,48523.42208000002,TRAILING_STOP_20,NEXT_DAY_OPEN
ADANIPORTS,2021-04-07,2021-06-18,831.9048,624.3654,121,-25414.460253600002,TRAILING_STOP_20,NEXT_DAY_OPEN
ATGL,2020-11-23,2021-06-21,357.5332,1193.9913,405,336831.264594,TRAILING_STOP_20,NEXT_DAY_OPEN
360ONE,2021-06-18,2021-06-22,250.7976,250.4228,1061,-1460.4571632000152,SCORE_LOW,NEXT_DAY_OPEN
JPPOWER,2021-06-21,2021-07-28,6.05,5.1,43888,-42588.91519999999,TRAILING_STOP_20,NEXT_DAY_OPEN
AAVAS,2021-01-07,2021-08-04,1929.2,2469.0,81,42923.84399999998,SCORE_LOW,NEXT_DAY_OPEN
IOB,2021-06-22,2021-08-06,27.4,22.3,9767,-50682.91639999999,TRAILING_STOP_20,NEXT_DAY_OPEN
ANANTRAJ,2020-11-23,2021-08-18,23.1026,59.3316,6215,223688.25142400002,SCORE_LOW,NEXT_DAY_OPEN
SARDAEN,2021-07-28,2021-08-27,77.3008,65.5132,3463,-41727.94764640002,TRAILING_STOP_20,NEXT_DAY_OPEN
CENTURYPLY,2021-01-04,2021-09-06,246.8037,393.936,593,86315.03770799999,SCORE_LOW,NEXT_DAY_OPEN
AARTIIND,2021-08-04,2021-09-06,965.7976,902.7744,279,-18590.96903039998,SCORE_LOW,NEXT_DAY_OPEN
ATGL,2021-08-27,2021-09-08,1367.4742,1266.1373,188,-20003.472449599998,SCORE_LOW,NEXT_DAY_OPEN
ADANIENT,2021-02-05,2021-09-20,593.5582,1462.2908,278,239881.59543040002,SCORE_LOW,NEXT_DAY_OPEN
ZENTEC,2021-09-06,2021-09-22,161.5607,179.5118,1629,28072.64301120001,TRAILING_STOP_20,NEXT_DAY_OPEN
ALKYLAMINE,2021-01-07,2021-09-23,2014.484,3857.3764,70,127922.40260799997,SCORE_LOW,NEXT_DAY_OPEN
ASTRAL,2021-03-31,2021-09-28,1187.4211,1561.3837,160,58834.73043200004,SCORE_LOW,NEXT_DAY_OPEN
ABB,2021-01-20,2021-10-08,1361.7725,1843.8438,112,53165.943577599974,SCORE_LOW,NEXT_DAY_OPEN
ANANTRAJ,2021-09-22,2021-10-14,66.3663,73.2112,3889,25480.94267280001,SCORE_LOW,NEXT_DAY_OPEN
AMBUJACEM,2021-06-18,2021-10-21,335.4617,381.8306,54,2421.445190399998,SCORE_LOW,NEXT_DAY_OPEN
AAVAS,2021-10-14,2021-10-21,2878.0,2712.0,101,-17861.647999999986,SCORE_LOW,NEXT_DAY_OPEN
APLAPOLLO,2021-09-08,2021-10-22,875.459,814.7968,305,-19496.02309600002,SCORE_LOW,NEXT_DAY_OPEN
APOLLOHOSP,2021-08-18,2021-10-25,4790.3253,3995.6243,54,-43776.90884880003,TRAILING_STOP_20,NEXT_DAY_OPEN
TEJASNET,2021-08-06,2021-10-26,326.0779,407.5849,823,65738.49150920002,TRAILING_STOP_20,NEXT_DAY_OPEN
DBREALTY,2021-10-21,2021-10-29,46.7,37.4,6034,-57018.88639999999,TRAILING_STOP_20,NEXT_DAY_OPEN
IRB,2021-10-25,2021-10-29,31.2543,23.2649,6860,-55445.67285599999,TRAILING_STOP_20,NEXT_DAY_OPEN
CHOLAHLDNG,2021-10-29,2021-11-02,707.6356,686.2888,259,-6239.816396799986,SCORE_LOW,NEXT_DAY_OPEN
ANGELONE,2021-10-22,2021-11-24,1219.648,1004.0804,202,-44355.95216319998,SCORE_LOW,NEXT_DAY_OPEN
TRIDENT,2021-09-06,2021-12-06,23.0083,43.3368,11463,231038.51654639997,TRAILING_STOP_20,NEXT_DAY_OPEN
360ONE,2021-09-20,2021-12-14,365.0723,337.1249,710,-20800.08871599997,SCORE_LOW,NEXT_DAY_OPEN
ANANTRAJ,2021-12-14,2021-12-16,79.957,75.7409,3973,-17954.239682799962,SCORE_LOW,NEXT_DAY_OPEN
ABREL,2021-12-16,2021-12-20,855.4699,813.3921,365,-16545.94946600002,SCORE_LOW,NEXT_DAY_OPEN
APOLLOHOSP,2021-10-26,2021-12-29,4112.7658,4805.1407,65,43755.031917999964,SCORE_LOW,NEXT_DAY_OPEN
BATAINDIA,2021-10-21,2021-12-30,1978.3045,1709.9254,65,-17889.222103999986,SCORE_LOW,NEXT_DAY_OPEN
APARINDS,2021-12-20,2022-02-08,723.882,627.4545,403,-39871.73915399998,TRAILING_STOP_20,NEXT_DAY_OPEN
ASTRAL,2021-12-30,2022-02-10,1692.9844,1599.5972,137,-13670.625665600033,SCORE_LOW,NEXT_DAY_OPEN
RELINFRA,2022-02-10,2022-02-16,149.4,114.5,1455,-51445.890000000014,TRAILING_STOP_20,NEXT_DAY_OPEN
ANANTRAJ,2022-02-16,2022-02-21,75.3937,71.5248,2192,-9107.758246399986,SCORE_LOW,NEXT_DAY_OPEN
OLECTRA,2021-09-23,2022-02-22,438.3595,681.8038,602,144911.68504960003,TRAILING_STOP_20,NEXT_DAY_OPEN
ASAHIINDIA,2021-10-29,2022-02-23,401.5484,467.3121,657,41978.654701199965,TRAILING_STOP_20,NEXT_DAY_OPEN
DBREALTY,2022-02-08,2022-02-23,110.4,92.5,2281,-41673.870000000024,TRAILING_STOP_20,NEXT_DAY_OPEN
ABFRL,2021-10-08,2022-02-25,260.0,257.0,1084,-4366.3520000000135,TRAILING_STOP_20,NEXT_DAY_OPEN
CARBORUNIV,2022-02-21,2022-03-03,847.4563,787.346,183,-11576.522172000026,SCORE_LOW,NEXT_DAY_OPEN
AAVAS,2022-02-23,2022-03-11,3044.8999,2580.0,95,-45145.89050000001,SCORE_LOW,NEXT_DAY_OPEN
BEML,2022-02-22,2022-03-14,615.2484,610.2446,467,-3476.711512799957,SCORE_LOW,NEXT_DAY_OPEN
ABB,2021-11-02,2022-03-23,2052.0972,2052.0479,86,-710.1442776000185,SCORE_LOW,NEXT_DAY_OPEN
APOLLOHOSP,2022-03-23,2022-03-28,4639.7015,4654.8136,37,-129.76471280000987,SCORE_LOW,NEXT_DAY_OPEN
BAJAJHLDNG,2021-12-06,2022-04-19,5192.8886,5001.5067,57,-12049.111827600049,SCORE_LOW,NEXT_DAY_OPEN
ANGELONE,2022-03-21,2022-05-09,1544.4426,1305.604,64,-15619.905024000007,TRAILING_STOP_20,NEXT_DAY_OPEN
BSE,2021-09-28,2022-05-10,134.7748,247.6885,1962,219592.820052,TRAILING_STOP_20,NEXT_DAY_OPEN
BALRAMCHIN,2022-02-23,2022-05-10,389.3646,395.0104,746,3033.055766400008,TRAILING_STOP_20,NEXT_DAY_OPEN
ATUL,2022-03-28,2022-05-11,9989.3837,8176.0814,17,-31382.1126352,TRAILING_STOP_20,NEXT_DAY_OPEN
DEEPAKFERT,2022-04-19,2022-05-12,689.7343,498.9191,418,-80594.94633519999,TRAILING_STOP_20,NEXT_DAY_OPEN
ADANIGREEN,2021-11-24,2022-05-16,1420.0,2234.0,141,113514.02399999998,TRAILING_STOP_20,NEXT_DAY_OPEN
360ONE,2022-03-21,2022-05-16,358.1238,350.3519,841,-7714.751691600017,TRAILING_STOP_20,NEXT_DAY_OPEN
AMBER,2022-03-21,2022-05-17,3725.0,2698.0,80,-83023.35999999999,TRAILING_STOP_20,NEXT_DAY_OPEN
ADANIPOWER,2021-12-29,2022-06-14,20.24,52.32,14537,463304.65663999994,TRAILING_STOP_20,NEXT_DAY_OPEN
ADANIENT,2022-03-21,2022-06-17,1832.7795,2058.3271,164,35639.54382239998,REGIME_BEAR,NEXT_DAY_OPEN
ACC,2022-09-22,2022-09-28,2475.1881,2325.9853,125,-19813.342649999948,SCORE_LOW,NEXT_DAY_OPEN
DBREALTY,2022-09-22,2022-09-30,129.0,102.25,2411,-65480.34899999999,TRAILING_STOP_20,NEXT_DAY_OPEN
AWL,2022-09-22,2022-09-30,784.0,748.0,399,-15557.80800000002,SCORE_LOW,NEXT_DAY_OPEN
BRITANNIA,2022-09-22,2022-10-27,3605.7503,3557.8523,87,-5405.258600400004,SCORE_LOW,NEXT_DAY_OPEN
ASIANPAINT,2022-10-03,2022-11-01,3242.8571,3017.1631,79,-18783.249539599987,SCORE_LOW,NEXT_DAY_OPEN
APOLLOHOSP,2022-09-22,2022-11-04,4525.6757,4367.6577,69,-12108.71552519995,SCORE_LOW,NEXT_DAY_OPEN
360ONE,2022-10-27,2022-11-15,413.445,412.6394,709,-1741.4157384000137,SCORE_LOW,NEXT_DAY_OPEN
AIAENG,2022-09-28,2022-11-16,2448.161,2642.6318,117,21516.331917600008,SCORE_LOW,NEXT_DAY_OPEN
ABB,2022-11-15,2022-12-05,2979.5248,2928.341,97,-6101.024908000021,SCORE_LOW,NEXT_DAY_OPEN
360ONE,2022-12-05,2022-12-09,423.9446,419.2341,668,-4266.807515199995,SCORE_LOW,NEXT_DAY_OPEN
ABFRL,2022-11-01,2022-12-23,357.65,289.0,706,-49283.03599999999,SCORE_LOW,NEXT_DAY_OPEN
CENTRALBK,2022-09-22,2022-12-26,21.2086,28.7517,14408,107023.96682559996,TRAILING_STOP_20,NEXT_DAY_OPEN
ANANTRAJ,2022-10-03,2022-12-26,95.5083,89.8404,2976,-17937.13052160002,TRAILING_STOP_20,NEXT_DAY_OPEN
ADANIPORTS,2022-09-22,2022-12-27,919.2283,797.3731,340,-42515.19541599997,SCORE_LOW,NEXT_DAY_OPEN
3MINDIA,2022-12-23,2022-12-29,21777.6234,21361.2748,9,-4516.1432927999995,SCORE_LOW,NEXT_DAY_OPEN
ATGL,2022-12-29,2023-01-03,3556.3651,3564.357,68,-426.055904000008,SCORE_LOW,NEXT_DAY_OPEN
BAJAJHLDNG,2023-01-03,2023-01-18,5435.4338,5540.5624,44,3650.5194176000077,SCORE_LOW,NEXT_DAY_OPEN
ACE,2022-12-27,2023-01-20,290.9441,314.2276,1042,22951.706363200035,SCORE_LOW,NEXT_DAY_OPEN
ADANIENT,2022-09-22,2023-01-23,3634.0153,3438.3336,85,-17801.977924000064,SCORE_LOW,NEXT_DAY_OPEN
AMBUJACEM,2022-09-22,2023-01-24,517.9955,495.9721,604,-14500.40219360002,SCORE_LOW,NEXT_DAY_OPEN
APARINDS,2022-11-16,2023-01-31,1587.9979,1377.7958,193,-41632.6636576,TRAILING_STOP_20,NEXT_DAY_OPEN
360ONE,2023-01-20,2023-02-01,459.2734,434.3197,662,-17669.427965599927,SCORE_LOW,NEXT_DAY_OPEN
3MINDIA,2023-02-01,2023-02-02,22457.7861,21848.3761,12,-8361.642052799987,SCORE_LOW,NEXT_DAY_OPEN
AKZOINDIA,2022-09-22,2023-02-06,1945.6687,1953.0023,160,-76.54547199996887,SCORE_LOW,NEXT_DAY_OPEN
CHALET,2023-01-24,2023-02-10,341.6215,359.252,877,14201.692484,SCORE_LOW,NEXT_DAY_OPEN
AXISBANK,2022-12-09,2023-03-06,941.5058,854.6858,295,-26620.429244000028,SCORE_LOW,NEXT_DAY_OPEN
ASTRAZEN,2022-12-26,2023-04-13,3313.2268,3145.5877,91,-16400.1520228,SCORE_LOW,NEXT_DAY_OPEN
BANKBARODA,2023-01-31,2023-04-24,146.5701,161.1815,1856,25922.14694399998,SCORE_LOW,NEXT_DAY_OPEN
ABBOTINDIA,2022-12-26,2023-05-12,21084.3867,20391.3149,14,-10844.918834399956,SCORE_LOW,NEXT_DAY_OPEN
ANANDRATHI,2023-01-18,2023-06-06,401.1377,417.2527,607,8768.715444400004,SCORE_LOW,NEXT_DAY_OPEN
ALKEM,2023-04-13,2023-06-27,3266.5955,3326.5792,89,4154.287104799994,SCORE_LOW,NEXT_DAY_OPEN
BOSCHLTD,2023-02-10,2023-07-04,16645.7118,18377.1465,17,28184.74393799994,SCORE_LOW,NEXT_DAY_OPEN
CARBORUNIV,2023-04-24,2023-08-14,1051.8925,1060.6028,282,1259.9446415999555,SCORE_LOW,NEXT_DAY_OPEN
APOLLOTYRE,2023-02-06,2023-09-11,317.3607,373.0226,915,49565.375783999974,SCORE_LOW,NEXT_DAY_OPEN
ABCAPITAL,2022-11-04,2023-09-13,120.2,180.8,2488,148973.47839999996,SCORE_LOW,NEXT_DAY_OPEN
BDL,2023-06-06,2023-09-15,565.8662,528.4046,444,-17571.396969600028,SCORE_LOW,NEXT_DAY_OPEN
ABB,2023-09-13,2023-09-25,4362.2724,4165.1354,90,-19241.77874400001,SCORE_LOW,NEXT_DAY_OPEN
KIRLOSBROS,2023-05-12,2023-11-09,537.2125,807.9041,527,140951.4113572,TRAILING_STOP_20,NEXT_DAY_OPEN
ABBOTINDIA,2023-11-09,2023-11-16,23588.9997,22293.0307,17,-23547.399087600003,SCORE_LOW,NEXT_DAY_OPEN
AIAENG,2023-02-02,2023-12-06,2794.1609,3653.0656,98,82740.65888479998,SCORE_LOW,NEXT_DAY_OPEN
APLAPOLLO,2023-11-16,2023-12-13,1661.7945,1609.181,239,-14113.003535999975,SCORE_LOW,NEXT_DAY_OPEN
AFFLE,2023-12-13,2023-12-14,1210.0,1214.95,315,28.413000000000466,SCORE_LOW,NEXT_DAY_OPEN
AJANTPHARM,2023-07-04,2023-12-19,1408.1149,1847.3524,220,95006.57988799998,SCORE_LOW,NEXT_DAY_OPEN
ACE,2023-01-23,2023-12-28,335.9191,842.8635,894,450194.2137240001,SCORE_LOW,NEXT_DAY_OPEN
3MINDIA,2023-12-28,2024-01-11,34201.5914,33222.3332,14,-15570.065459199948,SCORE_LOW,NEXT_DAY_OPEN
ANGELONE,2023-06-27,2024-01-24,1619.1946,2916.0908,181,232626.96246080007,TRAILING_STOP_20,NEXT_DAY_OPEN
ABSLAMC,2023-12-19,2024-02-13,455.9457,448.4039,884,-8252.507390399987,SCORE_LOW,NEXT_DAY_OPEN
PATANJALI,2023-12-06,2024-03-12,506.8543,488.8886,701,-13964.799334399984,SCORE_LOW,NEXT_DAY_OPEN
APOLLOHOSP,2024-01-24,2024-05-15,6113.9449,5837.4326,80,-23988.96243200003,SCORE_LOW,NEXT_DAY_OPEN
AARTIIND,2024-02-13,2024-05-21,672.2309,629.4073,779,-35320.81754680001,SCORE_LOW,NEXT_DAY_OPEN
ALOKINDS,2024-03-12,2024-05-21,30.0,26.7,15315,-52175.14199999999,SCORE_LOW,NEXT_DAY_OPEN
ADANIENT,2024-05-15,2024-05-29,3044.05,3247.1201,152,28892.406179199985,SCORE_LOW,NEXT_DAY_OPEN
AMBER,2024-05-21,2024-05-29,3950.0,3558.95,49,-19859.004200000025,SCORE_LOW,NEXT_DAY_OPEN
ADANIGREEN,2024-05-21,2024-06-13,1825.0,1839.15,381,2588.2854000000516,SCORE_LOW,NEXT_DAY_OPEN
BANKBARODA,2023-12-14,2024-06-27,210.6569,263.3211,1804,93106.09174240002,SCORE_LOW,NEXT_DAY_OPEN
COCHINSHIP,2024-01-11,2024-08-07,776.7456,2278.3604,663,989528.4006192,TRAILING_STOP_20,NEXT_DAY_OPEN
AARTIIND,2024-08-07,2024-08-16,728.059,600.3994,1146,-149050.13244960003,TRAILING_STOP_20,NEXT_DAY_OPEN
FORCEMOT,2023-09-11,2024-08-19,3909.6595,8182.417,86,364642.3935520001,SCORE_LOW,NEXT_DAY_OPEN
ADANIPOWER,2024-08-19,2024-08-20,139.6,139.4,6133,-4646.360799999908,SCORE_LOW,NEXT_DAY_OPEN
AAVAS,2024-06-13,2024-08-21,1915.45,1680.0,362,-87665.54000000004,SCORE_LOW,NEXT_DAY_OPEN
ABFRL,2024-05-29,2024-10-17,278.0,345.7,2397,158962.3284,SCORE_LOW,NEXT_DAY_OPEN
ABB,2024-10-17,2024-10-22,8705.1217,8205.3832,104,-55386.243411200005,SCORE_LOW,NEXT_DAY_OPEN
BALRAMCHIN,2024-08-21,2024-11-18,563.36,532.2295,1521,-50587.57477800001,TRAILING_STOP_20,NEXT_DAY_OPEN
BAJAJFINSV,2024-11-25,2024-11-28,1617.2121,1604.2184,498,-9666.465652800049,SCORE_LOW,NEXT_DAY_OPEN
AJANTPHARM,2024-08-16,2024-12-16,2989.0271,2786.741,282,-60188.12404799997,SCORE_LOW,NEXT_DAY_OPEN
BBTC,2024-08-20,2024-12-20,2335.7307,2232.6838,365,-40871.836848000064,SCORE_LOW,NEXT_DAY_OPEN
ABREL,2023-09-15,2025-01-06,1071.5809,2367.876,269,346155.5473240001,TRAILING_STOP_20,NEXT_DAY_OPEN
APOLLOTYRE,2024-12-16,2025-01-14,538.4472,439.1096,1448,-146384.16760319995,SCORE_LOW,NEXT_DAY_OPEN
ABBOTINDIA,2024-12-20,2025-01-17,28529.6514,27063.0782,28,-44095.11435839988,SCORE_LOW,NEXT_DAY_OPEN
AMBER,2024-10-22,2025-01-23,6430.0,6314.5498,132,-18573.508694399963,TRAILING_STOP_20,NEXT_DAY_OPEN
ANANTRAJ,2023-03-06,2025-01-28,115.3457,603.6734,2554,1241021.8183456,TRAILING_STOP_20,NEXT_DAY_OPEN
ABSLAMC,2024-06-13,2025-01-28,610.9825,613.4433,2,0.014053600000124788,TRAILING_STOP_20,NEXT_DAY_OPEN
360ONE,2023-09-25,2025-01-29,514.8821,986.6968,723,338268.5009544,TRAILING_STOP_20,NEXT_DAY_OPEN
ASTERDM,2024-11-28,2025-02-17,477.6254,400.3328,1660,-130963.9257919999,TRAILING_STOP_20,NEXT_DAY_OPEN
AIIL,2025-01-06,2025-02-17,389.4727,326.5418,1647,-105798.44967839983,SCORE_LOW,NEXT_DAY_OPEN
ABBOTINDIA,2025-05-22,2025-05-26,30968.6808,30564.3137,20,-10532.487095999997,SCORE_LOW,NEXT_DAY_OPEN
HINDALCO,2025-05-22,2025-06-04,658.1733,629.4837,973,-30364.931360400165,SCORE_LOW,NEXT_DAY_OPEN
GRASIM,2025-05-26,2025-06-09,2662.8132,2576.527,238,-22988.969304000027,SCORE_LOW,NEXT_DAY_OPEN
APTUS,2025-06-04,2025-06-18,306.4074,314.8497,2056,14768.044867200078,SCORE_LOW,NEXT_DAY_OPEN
ABBOTINDIA,2025-06-18,2025-06-25,31363.188,31126.4843,20,-7224.192744,SCORE_LOW,NEXT_DAY_OPEN
ASHOKLEY,2025-05-22,2025-07-11,119.1916,124.4063,5368,25321.25752640015,SCORE_LOW,NEXT_DAY_OPEN
ABREL,2025-07-11,2025-07-16,2188.1374,2235.0,296,11225.089599999948,SCORE_LOW,NEXT_DAY_OPEN
TATASTEEL,2025-05-23,2025-07-18,157.9173,160.1,4032,6218.553599999868,SCORE_LOW,NEXT_DAY_OPEN
AADHARHFC,2025-06-09,2025-08-20,455.2,504.95,1405,67060.93099999998,SCORE_LOW,NEXT_DAY_OPEN
HDFCLIFE,2025-05-26,2025-09-09,782.1381,755.0,812,-24488.377199999988,SCORE_LOW,NEXT_DAY_OPEN
INDIGO,2025-05-23,2025-09-11,5510.6877,5560.0,115,3113.3144999999786,SCORE_LOW,NEXT_DAY_OPEN
3MINDIA,2025-09-09,2025-09-26,30840.0,28995.0,21,-41180.57999999996,SCORE_LOW,NEXT_DAY_OPEN
360ONE,2025-09-11,2025-09-29,1067.5703,996.9295,624,-46568.195232000086,SCORE_LOW,NEXT_DAY_OPEN
ADANIPORTS,2025-06-25,2025-10-07,1399.7,1400.8,457,-2057.9624000000767,SCORE_LOW,NEXT_DAY_OPEN
ASTRAZEN,2025-10-07,2025-10-10,9370.0,9270.0,71,-9732.680000000051,SCORE_LOW,NEXT_DAY_OPEN
CESC,2025-10-10,2025-10-14,165.3274,165.2501,4041,-2983.4719164000126,SCORE_LOW,NEXT_DAY_OPEN
BEL,2025-05-22,2025-10-28,382.1135,416.8,1677,55373.366099999985,SCORE_LOW,NEXT_DAY_OPEN
ABSLAMC,2025-10-14,2025-11-11,852.0,751.0,782,-81331.12800000003,SCORE_LOW,NEXT_DAY_OPEN
APOLLOHOSP,2025-08-25,2025-11-12,7915.4914,7510.0294,83,-36146.6757607999,SCORE_LOW,NEXT_DAY_OPEN
AMBER,2025-10-28,2025-11-13,8480.0,7190.5,78,-102824.43599999999,SCORE_LOW,NEXT_DAY_OPEN
AIIL,2025-07-16,2025-11-21,549.98,536.0,1193,-19235.93200000003,SCORE_LOW,NEXT_DAY_OPEN
ADANIPORTS,2025-11-13,2025-11-24,1515.0,1482.0,418,-16271.90399999998,SCORE_LOW,NEXT_DAY_OPEN
ANANTRAJ,2025-09-29,2025-11-25,696.0,574.85,928,-114561.04319999996,SCORE_LOW,NEXT_DAY_OPEN
BIOCON,2025-11-21,2025-11-26,395.45,394.15,1552,-4464.483200000133,SCORE_LOW,NEXT_DAY_OPEN
AADHARHFC,2025-11-25,2025-11-26,484.95,490.0,1257,3884.1300000000047,SCORE_LOW,NEXT_DAY_OPEN
AEGISLOG,2025-11-12,2025-11-27,778.8,766.0,812,-12881.56799999997,SCORE_LOW,NEXT_DAY_OPEN
ASTERDM,2025-05-22,2025-12-12,553.0782,620.45,1155,74947.94999999995,SCORE_LOW,NEXT_DAY_OPEN
CENTURYPLY,2025-11-26,2026-01-09,785.4,786.1,779,-1904.1875999999465,SCORE_LOW,NEXT_DAY_OPEN
ADANIPOWER,2025-09-26,2026-01-27,151.35,135.0,4290,-72458.09999999998,TRAILING_STOP_20,NEXT_DAY_OPEN
ADANIENSOL,2025-12-15,2026-01-27,1014.4,830.0,602,-113007.43999999994,TRAILING_STOP_20,NEXT_DAY_OPEN
ANANDRATHI,2025-07-18,2026-01-29,2584.9922,2893.8,252,74902.61520000012,SCORE_LOW,NEXT_DAY_OPEN
ASIANPAINT,2026-01-29,2026-02-02,2511.8,2374.8999,229,-33525.53120840003,SCORE_LOW,NEXT_DAY_OPEN
MARUTI,2025-11-24,2026-02-03,16005.0,15200.0,38,-32900.40000000002,SCORE_LOW,NEXT_DAY_OPEN
ADANIENSOL,2026-01-28,2026-02-05,857.0,980.0,668,79545.43999999994,SCORE_LOW,NEXT_DAY_OPEN
ADANIPOWER,2026-02-05,2026-02-10,155.29,152.0,3769,-14691.562000000034,SCORE_LOW,NEXT_DAY_OPEN
ALKEM,2026-02-10,2026-02-17,5704.0172,5456.0164,104,-28061.786022400018,SCORE_LOW,NEXT_DAY_OPEN
360ONE,2026-01-09,2026-02-23,1180.0,1110.0,510,-37964.40000000002,SCORE_LOW,NEXT_DAY_OPEN
BHARTIARTL,2025-11-27,2026-02-25,2132.0,1955.0,287,-53043.33999999997,SCORE_LOW,NEXT_DAY_OPEN
